{
    "bridge04a-01.wav": {
        "jp": "西岸クリア",
        "zh": "西岸安全",
        "emo": "w"
    },
    "bridge04a-02.wav": {
        "jp": "橋はクリア",
        "zh": "大桥安全",
        "emo": "w"
    },
    "bridge04a-03.wav": {
        "jp": "東岸部で銃声",
        "zh": "东岸有枪声",
        "emo": "w"
    },
    "bridge04a-04.wav": {
        "jp": "いや... 銃声はやんだ",
        "zh": "不，呃，枪声停止了",
        "emo": "w"
    },
    "bridge04a-05.wav": {
        "jp": "いや。推定修理時間 - 10分",
        "zh": "不，呃，预计维修需要 10 分钟",
        "emo": "w"
    },
    "bridge04a-06.wav": {
        "jp": "撃つな、撃つのをやめろ!",
        "zh": "停火，停火！",
        "emo": "w"
    },
    "bridge04a-07.wav": {
        "jp": "東岸から連絡があった。マーヴェリック大尉の無線を使ってるぞ!",
        "zh": "我们在东岸有人，他们用的是 Maverick 中尉的无线电!",
        "emo": "w"
    },
    "bridge04b-01.wav": {
        "jp": "生存者は確認できたか?",
        "zh": "有确认生还的人吗?",
        "emo": "w"
    },
    "bridge04b-02.wav": {
        "jp": "ヘリは離陸したのか?",
        "zh": "直升机起飞了吗?",
        "emo": "w"
    },
    "bridge04b-03.wav": {
        "jp": "急げ! 橋の爆破開始まであと15分だ!",
        "zh": "快点！15 分钟后大桥就要引爆了！",
        "emo": "w"
    },
    "bridge04b-04.wav": {
        "jp": "後退だ、橋爆破!",
        "zh": "退后，桥要炸毁了！",
        "emo": "w"
    },
    "bridge04b-05.wav": {
        "jp": "橋の向こう側からの脱出は無理だ",
        "zh": "我们没办法从桥的那头撤退",
        "emo": "w"
    },
    "bridge04b-06.wav": {
        "jp": "橋で西岸に渡る必要がある",
        "zh": "你们必须从桥上过到西岸",
        "emo": "w"
    },
    "bridge04b-07.wav": {
        "jp": "まず近くの橋桁を低くする必要がある。気を付けろ、橋は感染者に突破されている",
        "zh": "你们得先把靠近的这段降下来。小心点，桥已经让被感染者攻破了。",
        "emo": "w"
    }
}