{
    "c2finale01.wav": {
        "length": 1926,
        "sr": 22050
    },
    "c2finale02.wav": {
        "length": 1950,
        "sr": 22050
    },
    "c2finale03.wav": {
        "length": 1590,
        "sr": 22050
    },
    "c2finale04.wav": {
        "length": 1807,
        "sr": 22050
    },
    "c2finale05.wav": {
        "length": 2114,
        "sr": 22050
    },
    "c2finale06.wav": {
        "length": 1592,
        "sr": 22050
    },
    "c2finale07.wav": {
        "length": 2608,
        "sr": 22050
    },
    "c2finale08.wav": {
        "length": 1968,
        "sr": 22050
    },
    "c2finale09.wav": {
        "length": 2121,
        "sr": 22050
    },
    "c2finale10.wav": {
        "length": 2046,
        "sr": 22050
    },
    "c2finale11.wav": {
        "length": 1331,
        "sr": 22050
    },
    "c2finale12.wav": {
        "length": 2018,
        "sr": 22050
    },
    "c2finale13.wav": {
        "length": 1772,
        "sr": 22050
    },
    "c2finale14.wav": {
        "length": 2730,
        "sr": 22050
    },
    "c2finale15.wav": {
        "length": 2160,
        "sr": 22050
    },
    "c2finale16.wav": {
        "length": 2462,
        "sr": 22050
    }
}