{
    "c2finale01.wav": {
        "jp": "ヘリコプターに乗り込め!",
        "zh": "进直升机里来！",
        "emo": "w"
    },
    "c2finale02.wav": {
        "jp": "ヘリまで行け!",
        "zh": "到直升机里来！",
        "emo": "w"
    },
    "c2finale03.wav": {
        "jp": "ヘリコプターの方へ!",
        "zh": "上直升机！",
        "emo": "w"
    },
    "c2finale04.wav": {
        "jp": "早く乗るんだ!",
        "zh": "快进来！",
        "emo": "w"
    },
    "c2finale05.wav": {
        "jp": "みんな、ヘリコプターに乗れ!",
        "zh": "所有人都进直升机！",
        "emo": "w"
    },
    "c2finale06.wav": {
        "jp": "離陸するぞ!",
        "zh": "我们就要起飞了！",
        "emo": "w"
    },
    "c2finale07.wav": {
        "jp": "さぁ、行くぞ、全員、ヘリに向かって走れ!",
        "zh": "动作快！所有人上直升机！",
        "emo": "w"
    },
    "c2finale08.wav": {
        "jp": "ヘリコプターに乗り込め!",
        "zh": "到直升机里来！",
        "emo": "w"
    },
    "c2finale09.wav": {
        "jp": "ヘリまで行け!",
        "zh": "快上直升机！",
        "emo": "w"
    },
    "c2finale10.wav": {
        "jp": "ヘリコプターの方へ!",
        "zh": "上直升机！",
        "emo": "w"
    },
    "c2finale11.wav": {
        "jp": "早く乗るんだ!",
        "zh": "快上来！",
        "emo": "w"
    },
    "c2finale12.wav": {
        "jp": "みんなヘリコプターへ!",
        "zh": "所有人进直升机来！",
        "emo": "w"
    },
    "c2finale13.wav": {
        "jp": "離陸するぞ!",
        "zh": "我们就要起飞了！",
        "emo": "w"
    },
    "c2finale14.wav": {
        "jp": "さぁ、行くぞ！ 全員、ヘリに向かって走れ!",
        "zh": "动作快！所有人上直升机！",
        "emo": "w"
    },
    "c2finale15.wav": {
        "jp": "さぁ、行くぞ!行くぞ!行くぞ!",
        "zh": "动作快！动作快！动作快！",
        "emo": "w"
    },
    "c2finale16.wav": {
        "jp": "さぁ、行くぞ!行くぞ!行くぞ!",
        "zh": "快走！快走！快走！",
        "emo": "w"
    }
}