{
    "radioarrived01.wav": {
        "jp": "全員、乗って!",
        "zh": "都上船，伙计们！",
        "emo": "w"
    },
    "radioarrived02.wav": {
        "jp": "乗って! 乗って!",
        "zh": "快跑！ 快跑！",
        "emo": "w"
    },
    "radioarrived03.wav": {
        "jp": "時間がないんだ。 急げ!",
        "zh": "我们的时间可不多，我们得做这个！",
        "emo": "w"
    },
    "radioarrived06.wav": {
        "jp": "早く! 一日中ここで待つわけにはいかんぞ!",
        "zh": "得了，得了。 我们不能整天在这儿等！",
        "emo": "w"
    },
    "radioarrived07.wav": {
        "jp": "さあ、行くぞ! 早く!",
        "zh": "出发，我们在这儿，我们在这儿！ 来吧！",
        "emo": "w"
    },
    "radioarrived08.wav": {
        "jp": "ボートはここだ! おおい!? 早くボートに乗れよ!",
        "zh": "船在这儿！ 有人吗？！？ 上船！",
        "emo": "w"
    },
    "radiobutton108.wav": {
        "jp": "私たちが入ったらヤツらは大量に出てくると思う。補給して、準備ができたら無線で呼んでくれ",
        "zh": "我们进来，他们就会云集在一起。 备好货，一切就绪后请回复无线电！",
        "emo": "w"
    },
    "radiobutton110.wav": {
        "jp": "私たちは上流にある軍の前哨基地に向かってる。 そっちには10分で行けると思う。 装備を整えて、出発の準備ができたら教えてくれ",
        "zh": "我们要去上游的军事前哨。 我们可以在十分钟内进来找你。 为这次旅行武装好自己，然后告诉我何时出发。",
        "emo": "h"
    },
    "radiobutton111.wav": {
        "jp": "もしもし? ",
        "zh": "有人吗？ 喂！",
        "emo": "h"
    },
    "radiobutton123.wav": {
        "jp": "ハニー、やったぞ! 警察だ!",
        "zh": "有人吗？ 亲爱的，那是警察！",
        "emo": "h"
    },
    "radiobutton124.wav": {
        "jp": "警官さん、乗り込む準備ができたら無線で連絡してくれ",
        "zh": "警察，准备好接收后请回复无线电！",
        "emo": "h"
    },
    "radiobutton201.wav": {
        "jp": "完璧だ",
        "zh": "完美。",
        "emo": "h"
    },
    "radiobutton205.wav": {
        "jp": "10分でそちらに着く",
        "zh": "我们会在十分钟内到达那儿。",
        "emo": "h"
    },
    "radiobutton207.wav": {
        "jp": "了解だ。 今向かってる",
        "zh": "是的，我们在路上。",
        "emo": "h"
    },
    "radiobutton212.wav": {
        "jp": "了解だ。 今向かってる。 必ず付近の安全を確保してくれよ。 この親切心を最初で最後にさせないでくれ",
        "zh": "是的，我们在路上。确保你肃清了这个地区。 我可不希望我们的第一次好心救人行动就是最后一次。",
        "emo": "h"
    },
    "radiointransit01.wav": {
        "jp": "10分でそちらに着く",
        "zh": "我们应该在十分钟内可到达那儿。",
        "emo": "h"
    },
    "radiointransit03.wav": {
        "jp": "5分で着く",
        "zh": "在五分钟内达到那儿！",
        "emo": "h"
    },
    "radiointransit06.wav": {
        "jp": "2分で着くぞ!",
        "zh": "我们会在两分钟内到达那儿。",
        "emo": "h"
    },
    "radiointransit07.wav": {
        "jp": "3分で着くぞ!",
        "zh": "我们会在三分钟内到达那儿。",
        "emo": "h"
    },
    "radiointransit08.wav": {
        "jp": "岸が見えた! もうすぐ着くぞ!",
        "zh": "我们可以看见河岸！ 我们来了。",
        "emo": "w"
    },
    "radioinitialbroadcast02.wav": {
        "jp": "誰か、いたら聴いてくれ、こちらはジョン・スレーターとアマンダ・スレーターだ。 現在小さな漁船に乗ってリバーサイド沖に停泊している",
        "zh": "如果那边有人。 这是约翰和阿曼达·斯莱特。 我们是在河岸外抛锚的小渔船。",
        "emo": "h"
    },
    "radioinitialbroadcast03.wav": {
        "jp": "もしまだ生きている人がいるなら、応答してくれ",
        "zh": "如果有生还者，请回答。",
        "emo": "h"
    },
    "radioinitialbroadcast05.wav": {
        "jp": "聞いてたら、応答してくれ!",
        "zh": "如果你能听见，请回答！",
        "emo": "h"
    },
    "radioinitialbroadcast07.wav": {
        "jp": "誰か聞いてるか?",
        "zh": "那边有人吗？",
        "emo": "h"
    },
    "radioinitialbroadcast08.wav": {
        "jp": "こちら、ジョン・スレーターとアマンダ・スレーターだ! こちらは現在、漁船に乗ってリバーサイド沖に停泊している!",
        "zh": "约翰和阿曼达·斯莱特！ 我们是在河岸外抛锚的渔船。 请进来。",
        "emo": "h"
    },
    "radioinitialbroadcast09.wav": {
        "jp": "誰かいたら、これを聴いてたら応答してくれ!",
        "zh": "进来，遇难者！ 你如果可以听见。",
        "emo": "h"
    },
    "radioinitialbroadcast11.wav": {
        "jp": "誰かいないか? 応答してくれ",
        "zh": "有人吗？ 快点，请回答。",
        "emo": "h"
    },
    "radioinitialbroadcast12.wav": {
        "jp": "こちらには物資もあるし、安全地帯への道も分かってる。 武器を持った人がいたら応答してくれ",
        "zh": "我们有供应品和一条去安全地带的路线。 我们只要活着到达那儿。 有火力的人，请回答。",
        "emo": "h"
    },
    "radioinitialbroadcast13.wav": {
        "jp": "武器と弾薬を持ってるなら、こちらの船に乗せよう。 応答してくれ",
        "zh": "我们将运送任何带有枪炮和弹药的人。 请回答。",
        "emo": "h"
    },
    "radioinitialbroadcast14.wav": {
        "jp": "この周波数で無線を聞いていて、武器と弾薬を持っている者がいたら、応答してくれ",
        "zh": "我们在河岸外抛锚了。 此频率上带有武器和弹药的人员，请回答。",
        "emo": "h"
    },
    "radioinitialbroadcast15.wav": {
        "jp": "弾薬と武器を持っている者はいないか? いたら応答してくれ",
        "zh": "带有弹药和枪炮的人员，请注意。 如果你能听见，请回答。",
        "emo": "h"
    },
    "radioinitialbroadcast16.wav": {
        "jp": "この周波数で無線を聞いていて武器を持っている者はいないか?",
        "zh": "此频率上有一些火力的人员，请接收。",
        "emo": "h"
    },
    "radioinitialbroadcast17.wav": {
        "jp": "武器を持っている者はいないか? ",
        "zh": "武装好的人员，请进来。 请接收。",
        "emo": "h"
    },
    "radioinitialbroadcast18.wav": {
        "jp": "聞こえたら応答してください!",
        "zh": "如果你能听见，请接收！",
        "emo": "h"
    },
    "radioinitialbroadcast19.wav": {
        "jp": "武器を持っている者、聞いていたら応答してくれ!",
        "zh": "如果你在那边而且武装好了，请接收！",
        "emo": "h"
    },
    "radionag01.wav": {
        "jp": "乗船する準備ができたら言ってくれ",
        "zh": "准备好被运送时请告诉我们！",
        "emo": "h"
    },
    "radionag02.wav": {
        "jp": "乗船する準備ができたら知らせてくれ",
        "zh": "准备好被运送时请告诉我们！",
        "emo": "h"
    },
    "radionag03.wav": {
        "jp": "乗船する準備ができたら言ってくれ",
        "zh": "准备好被运送时请告诉我们！",
        "emo": "h"
    },
    "radionag04.wav": {
        "jp": "乗船する準備ができたら知らせてくれ!",
        "zh": "准备好被运送时请告诉我们！",
        "emo": "h"
    },
    "radionag05.wav": {
        "jp": "乗船する準備が整ったら、無線で知らせてくれ!",
        "zh": "准备好被运送时请用无线电告诉我们！",
        "emo": "h"
    },
    "radionag07.wav": {
        "jp": "警官さん、乗船する準備ができたら知らせてくれ!",
        "zh": "警察，准备好被运送时请告诉我们！",
        "emo": "h"
    }
}