{
    "hospital_finale_flyout_01a.wav": {
        "length": 2497,
        "sr": 44100
    },
    "hospital_finale_flyout_01b.wav": {
        "length": 2435,
        "sr": 44100
    },
    "hospital_finale_flyout_01c.wav": {
        "length": 1992,
        "sr": 44100
    },
    "hospital_finale_flyout_07.wav": {
        "length": 3413,
        "sr": 44100
    },
    "hospital_finale_flyout_08.wav": {
        "length": 1197,
        "sr": 44100
    },
    "hospital_finale_flyout_10.wav": {
        "length": 2219,
        "sr": 44100
    },
    "hospital_finale_getin_02.wav": {
        "length": 1744,
        "sr": 44100
    },
    "hospital_finale_getin_03.wav": {
        "length": 1513,
        "sr": 44100
    },
    "hospital_finale_getin_05.wav": {
        "length": 1500,
        "sr": 44100
    },
    "hospital_finale_getin_06.wav": {
        "length": 1416,
        "sr": 44100
    },
    "hospital_finale_getready_02.wav": {
        "length": 1824,
        "sr": 44100
    },
    "hospital_finale_getready_03.wav": {
        "length": 14039,
        "sr": 44100
    },
    "hospital_finale_intransit_05.wav": {
        "length": 5503,
        "sr": 44100
    },
    "hospital_finale_intransit_06.wav": {
        "length": 4438,
        "sr": 44100
    },
    "hospital_finale_intransit_07.wav": {
        "length": 4068,
        "sr": 44100
    },
    "hospital_finale_intransit_08.wav": {
        "length": 4393,
        "sr": 44100
    },
    "hospital_finale_intransit_09.wav": {
        "length": 3862,
        "sr": 44100
    },
    "hospital_finale_intransit_10.wav": {
        "length": 4634,
        "sr": 44100
    },
    "hospital_finale_onmyway_02.wav": {
        "length": 4739,
        "sr": 44100
    },
    "hospital_finale_onmyway_03.wav": {
        "length": 7442,
        "sr": 44100
    },
    "hospital_finale_pickup_loud_01.wav": {
        "length": 2602,
        "sr": 44100
    },
    "hospital_finale_pickup_loud_02.wav": {
        "length": 2171,
        "sr": 44100
    },
    "hospital_intro_heli_01.wav": {
        "length": 3497,
        "sr": 44100
    },
    "hospital_intro_heli_02.wav": {
        "length": 4810,
        "sr": 44100
    },
    "hospital_intro_heli_03.wav": {
        "length": 4697,
        "sr": 44100
    },
    "hospital_intro_heli_04.wav": {
        "length": 3390,
        "sr": 44100
    },
    "hospital_intro_heli_05.wav": {
        "length": 3122,
        "sr": 44100
    },
    "hospital_intro_heli_06.wav": {
        "length": 2289,
        "sr": 44100
    },
    "hospital_intro_heli_07.wav": {
        "length": 2391,
        "sr": 44100
    },
    "hospital_intro_heli_08.wav": {
        "length": 6609,
        "sr": 44100
    },
    "hospital_intro_heli_09.wav": {
        "length": 3676,
        "sr": 44100
    },
    "hospital_intro_heli_10.wav": {
        "length": 2896,
        "sr": 44100
    },
    "hospital_intro_heli_11.wav": {
        "length": 2396,
        "sr": 44100
    },
    "hospital_intro_heli_12.wav": {
        "length": 3246,
        "sr": 44100
    },
    "hospital_intro_heli_13.wav": {
        "length": 3077,
        "sr": 44100
    },
    "hospital_intro_heli_14.wav": {
        "length": 2443,
        "sr": 44100
    },
    "hospital_intro_heli_15.wav": {
        "length": 1936,
        "sr": 44100
    },
    "hospital_intro_heli_16.wav": {
        "length": 2744,
        "sr": 44100
    },
    "hospital_intro_hello_01.wav": {
        "length": 14895,
        "sr": 44100
    },
    "hospital_intro_hello_02.wav": {
        "length": 15717,
        "sr": 44100
    },
    "hospital_pilot_finale_getin_01.wav": {
        "length": 1783,
        "sr": 44100
    },
    "hospital_pilot_finale_getin_02.wav": {
        "length": 1468,
        "sr": 44100
    },
    "hospital_pilot_finale_getin_03.wav": {
        "length": 1272,
        "sr": 44100
    },
    "hospital_pilot_finale_getin_04.wav": {
        "length": 2365,
        "sr": 44100
    },
    "hospital_pilot_finale_getin_05.wav": {
        "length": 1297,
        "sr": 44100
    },
    "hospital_pilot_finale_getin_06.wav": {
        "length": 1264,
        "sr": 44100
    },
    "hospital_finale_flyout_02.wav": {
        "length": 4459,
        "sr": 44100
    },
    "hospital_finale_flyout_03.wav": {
        "length": 6068,
        "sr": 44100
    },
    "hospital_finale_flyout_04.wav": {
        "length": 972,
        "sr": 44100
    },
    "hospital_finale_flyout_05.wav": {
        "length": 2271,
        "sr": 44100
    },
    "hospital_finale_flyout_06.wav": {
        "length": 1715,
        "sr": 44100
    },
    "hospital_finale_flyout_09.wav": {
        "length": 3327,
        "sr": 44100
    },
    "hospital_finale_flyout_11.wav": {
        "length": 9599,
        "sr": 44100
    },
    "hospital_finale_getin_01.wav": {
        "length": 1965,
        "sr": 44100
    },
    "hospital_finale_getin_04.wav": {
        "length": 2830,
        "sr": 44100
    },
    "hospital_finale_getready_01.wav": {
        "length": 17104,
        "sr": 44100
    },
    "hospital_finale_intransit_01.wav": {
        "length": 7691,
        "sr": 44100
    },
    "hospital_finale_intransit_02.wav": {
        "length": 6081,
        "sr": 44100
    },
    "hospital_finale_intransit_03.wav": {
        "length": 6427,
        "sr": 44100
    },
    "hospital_finale_intransit_04.wav": {
        "length": 4952,
        "sr": 44100
    },
    "hospital_finale_onmyway_01.wav": {
        "length": 6671,
        "sr": 44100
    },
    "hospital_finale_pickup_01.wav": {
        "length": 1934,
        "sr": 44100
    },
    "hospital_finale_pickup_02.wav": {
        "length": 2406,
        "sr": 44100
    },
    "hospital_finale_pickup_03.wav": {
        "length": 2594,
        "sr": 44100
    },
    "hospital_finale_pickup_04.wav": {
        "length": 2613,
        "sr": 44100
    },
    "hospital_finale_pickup_05.wav": {
        "length": 3533,
        "sr": 44100
    },
    "hospital_finale_pickup_06.wav": {
        "length": 3132,
        "sr": 44100
    },
    "hospital_finale_pickup_07.wav": {
        "length": 3888,
        "sr": 44100
    },
    "hospital_intro_heli_17.wav": {
        "length": 10831,
        "sr": 44100
    }
}