{
    "radiobutton101.wav": {
        "jp": "免疫があるとぼくが判断するまで、ここには誰も入れない!",
        "zh": "不行，不行，除非我确认你们免疫，否则休想进来。",
        "emo": "w"
    },
    "radiobutton105.wav": {
        "jp": "鐘を鳴らすからな! 鐘を鳴らしてやるからな! 音がすれば、ヤツらが来る! ヤツらが全部片付けてくれる",
        "zh": "我准备按门铃了。 我准备按门铃了。 他们会进来！ 他们将完成工作。",
        "emo": "w"
    },
    "radiobutton106.wav": {
        "jp": "だめだ! ここはぼくの隠れ家だ! ぼくには鐘があるんだぞ! おら、どっか行け!",
        "zh": "不！不！我的安全屋！我可要敲钟了！你给我离得远远的！",
        "emo": "w"
    },
    "radiobutton107.wav": {
        "jp": "ぼくの隠れ家だぞ! 早く来い! ちがう! 入ってくるな! ドアの下から銃をこちらに寄こせ! ちがう! どっか行け! 同情するより安全ダイイチ! 同情するより安全ダイイチ! 同情するより安全ダイイチ! 同情するより安全ダイイチ!",
        "zh": "我的安全处所！ 幸好你是专家。 不！ 你别管！ 滑动门下的枪！ 不！ 走开！ 最好不要去冒险！ 最好不要去冒险！ 最好不要去冒险！",
        "emo": "w"
    },
    "radiobutton109.wav": {
        "jp": "誰も中には入れない!",
        "zh": "从没人进过这里！",
        "emo": "w"
    },
    "radiobutton110.wav": {
        "jp": "どこかへ行け! ここには誰も入れない!",
        "zh": "走开！ 从没人进过这里！",
        "emo": "w"
    },
    "radiobutton113.wav": {
        "jp": "行かないなら行かせてやることだってできるんだぞ。 ハッタリだと思ってんのか? ",
        "zh": "我可以带你离开。 不相信我？",
        "emo": "w"
    },
    "radiobutton114.wav": {
        "jp": "これでどうだ!!?",
        "zh": "现在呢？！",
        "emo": "w"
    },
    "radiobutton1extended03.wav": {
        "jp": "たわ言はもうたくさんだ! お前はこの前もそう言ったぞ! この前もそう言ったぞ! この前はぼくも信じたぞ!",
        "zh": "不不不不不！不不！上次你也这么说！上次你也这么说！上次我相信了你！",
        "emo": "w"
    },
    "radiobutton1extended07.wav": {
        "jp": "本当か?",
        "zh": "真的吗？",
        "emo": "w"
    },
    "radiobutton1extended10.wav": {
        "jp": "お前らが免疫を持っていることを証明できた時だ。 証明のしかたはぼくが知ってる",
        "zh": "除非你能证明自己有免疫力，我们才会相信。 而且我知道怎样证明",
        "emo": "w"
    },
    "radiobutton1extended11.wav": {
        "jp": "ぼくがお前らを人間だと判断したときだ。 さあ、テストを始めるぞ",
        "zh": "除非让我确信你是人。 准备好检验。",
        "emo": "w"
    },
    "radiobutton1extended12.wav": {
        "jp": "誰を中に通すかはぼくが決めるんだ",
        "zh": "我就是那个决定进门的那个人。",
        "emo": "w"
    },
    "radiobutton1extended13.wav": {
        "jp": "この前はぼくもドアを開けた。 そしてせっかく開けてやったのに、あいつはぼくを噛みやがったんだ 同情するより安全ダイイチ! 同情するより安全ダイイチ!",
        "zh": "我 - 我之前开了门，而且遇到了点麻烦。最好不要去冒险。 最好不要去冒险！",
        "emo": "w"
    },
    "radiobutton1extended16.wav": {
        "jp": "ぼくが年齢を気にするように見えるか?",
        "zh": "你觉得我知不知道你有多大年纪？",
        "emo": "w"
    },
    "radiobutton1extended18.wav": {
        "jp": "ダメだ!",
        "zh": "不！",
        "emo": "w"
    },
    "radiobutton1extended19.wav": {
        "jp": "皮のジャケットを身につけてて血がキレイなら特別だとでも言うの?",
        "zh": "你觉得穿着皮夹克，再加上你奇特的血型就跟人不一样了吗？",
        "emo": "w"
    },
    "radiobutton1extended20.wav": {
        "jp": "タダ乗りなど絶対にさせない! ガランガラーン!",
        "zh": "天下没有免费的搭乘！ 叮咚！",
        "emo": "w"
    },
    "radiobutton1extended21.wav": {
        "jp": "ぼくの頭はおかしくなんかない!",
        "zh": "我不是精神智障！",
        "emo": "w"
    },
    "radiobutton1extended23.wav": {
        "jp": "本当に? ",
        "zh": "你真的了解吗？",
        "emo": "w"
    },
    "radiobutton1extended25.wav": {
        "jp": "全然警官っぽくないな!",
        "zh": "你听起来不像警察！",
        "emo": "w"
    },
    "radiobutton1extended28.wav": {
        "jp": "何を言ってもイミないよ! ",
        "zh": "你的话对我来说就像放屁！ ",
        "emo": "w"
    },
    "radiobutton1extended31.wav": {
        "jp": "脅すつもりだったの?無駄だったね",
        "zh": "你想恐吓我么？没用的！",
        "emo": "w"
    },
    "radiobutton1extended32.wav": {
        "jp": "そうしたけりゃ、生き延びないとな",
        "zh": "好了，你会体会到的。",
        "emo": "w"
    },
    "radiobutton1extended34.wav": {
        "jp": "ぼくが免疫があると確信するまでは絶対に入れないぞ",
        "zh": "直到我确信你有免疫力了，才能放你进来。",
        "emo": "w"
    },
    "radiobutton1extended35.wav": {
        "jp": "感染してないのか? 感染していない? じゃあ証明しろ!",
        "zh": "没被感染吗？ 没被感染吗？ 证明啊！ ",
        "emo": "w"
    },
    "radiobutton1extended40.wav": {
        "jp": "ガランガラン! ガランガラァン!",
        "zh": "叮咚！ 叮咚！",
        "emo": "w"
    },
    "radiobutton1extended43.wav": {
        "jp": "ご飯だぞ! こっちだぞ! さあ食べろ!",
        "zh": "晚饭好了！ 快来吃饭啊！",
        "emo": "w"
    },
    "radiocombatcolor01.wav": {
        "jp": "あいつぼくを噛んだ! 信じられん! 同情するより安全ダイイチ! ...同情するより安全ダイイチ! ...カハッ",
        "zh": "宁可谨慎点也别——",
        "emo": "w"
    },
    "radiocombatcolor02.wav": {
        "jp": "ドウじょう... あンぜン... ",
        "zh": "宁可谨慎点—— 宁可谨慎点也别 ",
        "emo": "w"
    },
    "radiocombatcolor03.wav": {
        "jp": "すルより... ",
        "zh": "最好不要去冒险 - ",
        "emo": "w"
    },
    "radiocombatcolor04.wav": {
        "jp": "[息苦そうなうめき声]",
        "zh": "[哽咽的咆哮]",
        "emo": "w"
    },
    "radiocombatcolor05.wav": {
        "jp": "あいつら免疫があるんだ... 免疫があるんだ... ",
        "zh": "一定是有免疫力",
        "emo": "w"
    },
    "radiocombatcolor09.wav": {
        "jp": "[つぶやき]",
        "zh": "[咕哝]",
        "emo": "w"
    },
    "radiocombatcolor11.wav": {
        "jp": "[つぶやき]",
        "zh": "[咕哝]",
        "emo": "w"
    },
    "radiocombatcolor12.wav": {
        "jp": "[つぶやき]",
        "zh": "[咕哝]",
        "emo": "w"
    },
    "radiocombatcolor13.wav": {
        "jp": "[つぶやき]",
        "zh": "[咕哝]",
        "emo": "w"
    },
    "radiocombatcolor15.wav": {
        "jp": "[つぶやき]",
        "zh": "[咕哝]",
        "emo": "w"
    },
    "radiocombatcolor16.wav": {
        "jp": "[つぶやき]",
        "zh": "[咕哝]",
        "emo": "w"
    },
    "radioinitialbroadcast01.wav": {
        "jp": "あの時はお前を信用したんだぞ。 免疫があるって言ったのに。 免疫があるって言ったのに!",
        "zh": "我相信你。 你说你有免疫力。 你说你有免疫力。",
        "emo": "w"
    },
    "radioinitialbroadcast02.wav": {
        "jp": "あの時はお前を信用したんだぞ。 免疫があるって言ったのに。 免疫があるって言ったのに! 同情するより安全ダイイチ!",
        "zh": "我相信你。 你说你有免疫力。 你说你有免疫力。 最好不要去冒险。",
        "emo": "w"
    },
    "radioinitialbroadcast03.wav": {
        "jp": "同情するより安全ダイイチ! あいつぼくを噛んだ! 信じられん! あいつを中に入れるべきじゃなかった! 信じられん! あいつぼくを噛んだ!",
        "zh": "最好不要去冒险。 他咬我，真难以置信。 真不该让他进来的。 他咬我，真难以置信。",
        "emo": "w"
    },
    "radioinitialbroadcast04.wav": {
        "jp": "同じ手が2度も通じるか! 信じられん! あいつぼくを噛んだ! 信じられん! あいつぼくを噛んだ!",
        "zh": "休想再耍我。 他咬我，他竟然咬我，真难以置信。",
        "emo": "w"
    },
    "radioinitialbroadcast05.wav": {
        "jp": "同情するより安全ダイイチ。 どんなに人間みたいに見えても、2度もだまされない",
        "zh": "最好不要去冒险。 不管它们看起来多么像人。 休想再耍我。",
        "emo": "w"
    },
    "radioinitialbroadcast06.wav": {
        "jp": "1時間経った。 1時間だぞ! あいつら免疫があるんだ。 そうだ。 あいつら免疫があるんだ。 違う! 免疫があるのはぼくだ!",
        "zh": "已经一小时了。 一小时了。 肯定有免疫力。 没错，肯定有免疫力。 不。 我肯定有免疫力。",
        "emo": "w"
    },
    "radioinitialbroadcast07.wav": {
        "jp": "ドウじょうスルより安全... 同情スルよりアンゼん... ドうじょう... ドうじょう... ドうじょう...",
        "zh": "最好不要去冒险。 最好不要去冒险。 最好不要去冒险。 最好不要去冒险。",
        "emo": "w"
    },
    "radioinitialbroadcast08.wav": {
        "jp": "同情するより安全ダイイチ",
        "zh": "最好不要去冒险。",
        "emo": "w"
    },
    "radioinitialbroadcast09.wav": {
        "jp": "信じられん! あいつぼくを噛んだ! あいつを中に入れるべきじゃなかった! 信じられん! あいつぼくを噛んだ!",
        "zh": "他咬我，真难以置信。 我真不该让他进来的。 他咬我，真难以置信。",
        "emo": "w"
    },
    "radioinitialbroadcast10.wav": {
        "jp": "同じ手が2度も通じるか! 信じられん! あいつぼくを噛んだ! 同情するより安全ダイイチ!!!",
        "zh": "休想再耍我。 他咬我，真难以置信！ 最好不要去冒险。",
        "emo": "w"
    },
    "radioinitialbroadcast11.wav": {
        "jp": "2度もだまされるな! おい、2度もだまされるな! 同情するより安全ダイイチだぞ",
        "zh": "不要再被耍了。 不要再被耍了。 最好不要去冒险。",
        "emo": "w"
    },
    "radioinitialbroadcast12.wav": {
        "jp": "あいつぼくを噛んだ! おい、2度もだまされるな!",
        "zh": "他竟然咬我 - 不要再被耍了。",
        "emo": "w"
    },
    "radioinitialbroadcast13.wav": {
        "jp": "誰だ?",
        "zh": "谁在那儿？",
        "emo": "w"
    },
    "radioinitialbroadcast14.wav": {
        "jp": "誰かいるのか?",
        "zh": "有人吗？",
        "emo": "w"
    },
    "radioinitialbroadcast15.wav": {
        "jp": "ぼくに鐘を鳴らさせるな!",
        "zh": "不要让我用这个钟！",
        "emo": "w"
    },
    "radioinitialbroadcast16.wav": {
        "jp": "ぼくには鐘があるんだぞ!",
        "zh": "我在这儿发现一个钟！",
        "emo": "w"
    },
    "radioinitialbroadcast17.wav": {
        "jp": "何も言わないなら鐘を鳴らしてやるぞ",
        "zh": "如果你不说，我会敲响这只教堂的钟。",
        "emo": "w"
    },
    "radioinitialbroadcast18.wav": {
        "jp": "おい、そっちはどうなってんだ!",
        "zh": "我准备出去！",
        "emo": "w"
    },
    "radioinitialbroadcast20.wav": {
        "jp": "いるのは分かってるぞ!",
        "zh": "我能听见你在那儿！",
        "emo": "w"
    },
    "radioinitialbroadcast22.wav": {
        "jp": "聞こえたぞ!",
        "zh": "我听见了！",
        "emo": "w"
    },
    "radioinitialbroadcast24.wav": {
        "jp": "同情するより安全ダイイチ。 同情するより安全ダイイチ!",
        "zh": "最好不要去冒险。 最好不要去冒险。",
        "emo": "w"
    },
    "radioinitialbroadcast26.wav": {
        "jp": "同情するより安全ダイイチ! 安全だいいち! アンぜんダイいち!",
        "zh": "最好不要去冒险。 最好不要去冒险。 最好不要去冒险。",
        "emo": "w"
    },
    "radioinitialbroadcast27.wav": {
        "jp": "同情するより安全ダイイチ! ドウジョウするより安全だいいち! 同情するよりあんぜんダイイチ!",
        "zh": "宁可谨慎也别后悔。宁可谨慎也别后悔。宁可—— ",
        "emo": "w"
    },
    "radioinitialbroadcast28.wav": {
        "jp": "信じられん! あいつぼくを噛んだ! あいつを中に入れるべきじゃなかった! 信じられん! あいつぼくを噛んだ!",
        "zh": "他咬我，真难以置信。 我真不该让他进来的。 他咬我，真难以置信。",
        "emo": "w"
    },
    "radioinitialbroadcast29.wav": {
        "jp": "同情するより安全ダイイチ",
        "zh": "最好不要去冒险。",
        "emo": "w"
    }
}