{
    "radioarrived01.wav": {
        "jp": "よーし。 給油完了だ! 乗り込んでくれ!",
        "zh": "好了，已经加过燃料！ 快跑！",
        "emo": "w"
    },
    "radioarrived10.wav": {
        "jp": "自分の席の搭乗許可でも待ってんのか? 早く乗れ!",
        "zh": "还等什么，要召集你的队伍吗？ 快跑！",
        "emo": "w"
    },
    "radiobutton104.wav": {
        "jp": "ポンプは始動するとすごい音を立てる。 始動する前に、しっかり戦闘準備をしておいてくれ",
        "zh": "泵的噪音真大。 那么你确定在启动前准备好起飞了。",
        "emo": "q"
    },
    "radiobutton105.wav": {
        "jp": "いたら飛行機に給油してくれ、そしたらここから脱出だ!",
        "zh": "好了！ 给飞机加燃料，我可以带你们飞离这里。",
        "emo": "q"
    },
    "radiobutton203.wav": {
        "jp": "やったな! ポンプの動く音がここまで聞こえるぜ!",
        "zh": "成功了！ 我可以听见卡车出口流量计的声音！",
        "emo": "h"
    },
    "radiobutton205.wav": {
        "jp": "満タンになるまで、がんばってくれ!",
        "zh": "我加燃料的时候帮我拖住它们。",
        "emo": "w"
    },
    "radiocombatcolor08.wav": {
        "jp": "いい調子だ!",
        "zh": "就是这样！",
        "emo": "w"
    },
    "radiocombatcolor28.wav": {
        "jp": "さらに増えたぞ。 急げ!",
        "zh": "来了更多。 快点。",
        "emo": "w"
    },
    "radiocombatcolor29.wav": {
        "jp": "気をつけろ! 増援が来てる!",
        "zh": "小心！ 来了更多！",
        "emo": "w"
    },
    "radiointransit01.wav": {
        "jp": "燃料メーターはまだ4分の1だ!まだまだかかるぞ!",
        "zh": "油箱里的油只有十五分之一！ 抱歉，伙计们，还有一条路！",
        "emo": "w"
    },
    "radiointransit02.wav": {
        "jp": "燃料メーターは半分まで来たぜ! がんばれ!",
        "zh": "油量计显示只有一半，伙计们！ 坚持住！",
        "emo": "w"
    },
    "radiointransit03.wav": {
        "jp": "燃料メーターは4分の3まで来てる!",
        "zh": "油量计只有五分之一，兄弟们！ 就快到了！",
        "emo": "w"
    },
    "radiointransit04.wav": {
        "jp": "燃料はほぼ一杯だ。 もう行けるぜ!",
        "zh": "油量计就快到头了！ 我们可以走了！",
        "emo": "w"
    },
    "radiointransit05.wav": {
        "jp": "ガソリンタンクはほぼ満タンだ! これで飛べるぜ!",
        "zh": "油箱快满了！ 我们可以走了！",
        "emo": "w"
    },
    "radioinitialbroadcast06.wav": {
        "jp": "おおい! あんた! 無線を取ってくれ",
        "zh": "嗨！ 别动！ 你们想帮我加燃料吗？",
        "emo": "d"
    },
    "radioinitialbroadcast07.wav": {
        "jp": "いたら飛行機に給油してくれ!",
        "zh": "嘿，那儿！ 不要指望你们为我加燃料？",
        "emo": "w"
    },
    "radioinitialbroadcast09.wav": {
        "jp": "いたら飛行機に給油してくれ。 そしたらここから脱出だ!",
        "zh": "嗨！ 别动！ 帮我加燃料，我会带你离开这儿！",
        "emo": "w"
    },
    "radioinitialbroadcast10.wav": {
        "jp": "燃料満タンだ! さあ脱出するぜ! 来るんだろ?",
        "zh": "我来加燃料，我可以进来！ 快点，你们这些家伙和我一起吗？",
        "emo": "w"
    },
    "radioinitialbroadcast18.wav": {
        "jp": "アンタだよアンタ! 応答してくれ!",
        "zh": "你！ 是你！ 用无线电跟我说话！",
        "emo": "w"
    },
    "radionag04.wav": {
        "jp": "さっさとここから脱出しようぜ!",
        "zh": "按燃料按钮，我们离开这儿！",
        "emo": "w"
    }
}