{
    "radioinitialbroadcast05.wav": {
        "length": 7274,
        "sr": 44100
    },
    "radiointransit01.wav": {
        "length": 4850,
        "sr": 44100
    },
    "radiointransit02.wav": {
        "length": 5529,
        "sr": 44100
    },
    "radiobutton101.wav": {
        "length": 3435,
        "sr": 44100
    },
    "radiobutton105.wav": {
        "length": 5650,
        "sr": 44100
    },
    "radiobutton108.wav": {
        "length": 4419,
        "sr": 44100
    },
    "radiobutton109.wav": {
        "length": 3850,
        "sr": 44100
    },
    "radiobutton110.wav": {
        "length": 5124,
        "sr": 44100
    },
    "radiobutton113.wav": {
        "length": 6444,
        "sr": 44100
    },
    "radiobutton201.wav": {
        "length": 2960,
        "sr": 44100
    },
    "radiobutton202.wav": {
        "length": 2919,
        "sr": 44100
    },
    "radiobutton205.wav": {
        "length": 2631,
        "sr": 44100
    },
    "radiobutton206.wav": {
        "length": 2750,
        "sr": 44100
    },
    "radiobutton207.wav": {
        "length": 3939,
        "sr": 44100
    },
    "radiobutton208.wav": {
        "length": 4667,
        "sr": 44100
    },
    "radiobutton209.wav": {
        "length": 5165,
        "sr": 44100
    },
    "radiobutton210.wav": {
        "length": 2900,
        "sr": 44100
    },
    "radioinitialbroadcast01.wav": {
        "length": 4232,
        "sr": 44100
    },
    "radioinitialbroadcast06.wav": {
        "length": 4150,
        "sr": 44100
    },
    "radionag01.wav": {
        "length": 1650,
        "sr": 44100
    },
    "radionag02.wav": {
        "length": 1583,
        "sr": 44100
    }
}