{
    "chatter01.wav": {
        "jp": "こちらはレスキュー隊７。どうぞ",
        "zh": "这是第七组，完毕。",
        "emo": "w"
    },
    "chatter02.wav": {
        "jp": "こちらはレスキュー隊７。どうぞ",
        "zh": "这里是第七组。完毕。",
        "emo": "w"
    },
    "chatter03.wav": {
        "jp": "修理にかかる時間は約１０分です",
        "zh": "预计维修需要 10 分钟。完毕。",
        "emo": "w"
    },
    "chatter04.wav": {
        "jp": "１０分です、どうぞ",
        "zh": "10 分钟。完毕。",
        "emo": "w"
    },
    "chatter05.wav": {
        "jp": "こちらパパゲーター。了解、１５分。えー、西岸に光が見えます えー、西岸クリアです。どうぞ",
        "zh": "收到，鳄鱼爸爸。15 分钟内撤离。呃，注意一下，我们之前看到西岸有火光。呃，看起来西岸已经清理完了。完毕。",
        "emo": "w"
    },
    "chatter06.wav": {
        "jp": "ダメだ。何か見えてます。どうぞ",
        "zh": "不，等等。我们现在看到了一些东西。完毕。",
        "emo": "w"
    },
    "chatter07.wav": {
        "jp": "えー、不明瞭です",
        "zh": "呃，不清楚。",
        "emo": "w"
    },
    "chatter08.wav": {
        "jp": "えー、不明瞭です。それは…",
        "zh": "呃，不清楚。看起来像—",
        "emo": "w"
    },
    "chatter09.wav": {
        "jp": "パパゲーター 、未確認です。えー、複数の要員と小さな銃器が見えます。我々の現在の行動条件は何でしょうか? どうぞ",
        "zh": "鳄鱼爸爸，我们不能确定。我们好象看见了，呃，几个带着武器的人。我们现在要怎么办？完毕。",
        "emo": "w"
    },
    "chatter10.wav": {
        "jp": "こちらパパゲーター。了解、全要員は浮動着地地帯の上。最後のバザードラン、準備オーケーです。どうぞ",
        "zh": "收到，鳄鱼爸爸。所有在着陆点上的人员。清空区域以准备最后的撤离。完毕。",
        "emo": "w"
    },
    "chatter11.wav": {
        "jp": "了解。通信終了",
        "zh": "了解了，通话结束。",
        "emo": "w"
    },
    "chatter12.wav": {
        "jp": "了解。通信終了",
        "zh": "了解了，通话结束。",
        "emo": "w"
    },
    "choppernag01.wav": {
        "jp": "ヘリコプターに乗れ!",
        "zh": "进到直升机里来！",
        "emo": "w"
    },
    "choppernag02.wav": {
        "jp": "ヘリまで行け!",
        "zh": "到直升机里来！",
        "emo": "w"
    },
    "choppernag03.wav": {
        "jp": "ヘリに向かって!",
        "zh": "上到直升机里来！",
        "emo": "w"
    },
    "choppernag04.wav": {
        "jp": "ヘリコプターへ!",
        "zh": "到直升机里来！",
        "emo": "w"
    },
    "choppernag05.wav": {
        "jp": "早く乗るんだ!",
        "zh": "快进来。",
        "emo": "w"
    },
    "choppernag06.wav": {
        "jp": "早く、ヘリコプターに乗ろう!",
        "zh": "所有人都进直升飞机。",
        "emo": "w"
    },
    "choppernag07.wav": {
        "jp": "離陸する",
        "zh": "我们要起飞了。",
        "emo": "w"
    },
    "choppernag08.wav": {
        "jp": "離陸する!",
        "zh": "我们要起飞了。",
        "emo": "w"
    },
    "choppernag09.wav": {
        "jp": "さぁ、行くぞ!みんなヘリコプターへ!",
        "zh": "快走吧！所有人都进直升飞机来！",
        "emo": "w"
    },
    "choppernag10.wav": {
        "jp": "ヘリコプターに乗れ!",
        "zh": "进到直升飞机里面来。",
        "emo": "w"
    },
    "choppernag11.wav": {
        "jp": "ヘリに向かって!",
        "zh": "进到直升机里来。",
        "emo": "w"
    },
    "choppernag12.wav": {
        "jp": "ヘリコプターへ!",
        "zh": "到直升机里来。",
        "emo": "w"
    },
    "choppernag13.wav": {
        "jp": "早く乗るんだ!",
        "zh": "快进来。",
        "emo": "w"
    },
    "choppernag14.wav": {
        "jp": "早く、ヘリコプターに乗るぞ!",
        "zh": "所有人都进直升飞机！",
        "emo": "w"
    },
    "choppernag15.wav": {
        "jp": "離陸する!",
        "zh": "我们要起飞了。",
        "emo": "w"
    },
    "choppernag16.wav": {
        "jp": "さぁ、行くぞ、みんなヘリコプターへ!",
        "zh": "快来吧！所有人进直升飞机！",
        "emo": "w"
    },
    "nags01.wav": {
        "jp": "こちらパパゲーター。了解。どうぞ",
        "zh": "明白了，鳄鱼爸爸。完毕。",
        "emo": "w"
    },
    "nags02.wav": {
        "jp": "こちらパパゲーター。否定する。まだ行ってはダメだ、準備ができたら知らせる。",
        "zh": "呃，不行，鳄鱼爸爸。你最好再等等。我们准备好了会通知的。完毕。",
        "emo": "w"
    },
    "nags03.wav": {
        "jp": "こちらパパゲーター、了解",
        "zh": "明白了，鳄鱼爸爸。完毕。",
        "emo": "w"
    },
    "survivortalk01.wav": {
        "jp": "最後のバザードだ。攻撃中止! 攻撃中止!",
        "zh": "最后的班机起飞，站稳了！站稳了！",
        "emo": "w"
    },
    "survivortalk02.wav": {
        "jp": "こちらパパゲーター。了解",
        "zh": "明白，鳄鱼爸爸。",
        "emo": "w"
    },
    "survivortalk03.wav": {
        "jp": "了解、パパゲーター。",
        "zh": "明白，鳄鱼爸爸。",
        "emo": "w"
    }
}