{
    "radiobutton101.wav": {
        "jp": "何ということだ! 大尉、応答がありました!",
        "zh": "哇靠。 船长，确实有人回应！",
        "emo": "w"
    },
    "radiobutton105.wav": {
        "jp": "すぐ救出に向かいます! ただし、護送車両の騒音で感染者が暴れる恐れがあります。 準備できたら教えて。 ",
        "zh": "我们会来救你！ 即使护卫想引起感染。 做好准备，一切就绪后发出通知，完毕。",
        "emo": "w"
    },
    "radiobutton108.wav": {
        "jp": "信じられん...! 大尉、生存者です!",
        "zh": "我不相信。 船长，那里有人生还！",
        "emo": "w"
    },
    "radiobutton109.wav": {
        "jp": "き、奇跡だ! 大尉、生存者からの応答です!",
        "zh": "愿上帝保佑。 船长，我们发现那里还有人活着！",
        "emo": "w"
    },
    "radiobutton110.wav": {
        "jp": "き、奇跡だ! 大尉、生存者からの応答です! 警官だと言っています!",
        "zh": "愿上帝保佑。 船长，我们找到生还者了。 他们说自己是警察！",
        "emo": "w"
    },
    "radiobutton113.wav": {
        "jp": "了解! 現在、救出チームがそちらに向かう準備をしています。 身を守る準備を整えて、完了したら無線で知らせてください",
        "zh": "我们能清楚地听到你们宏亮的声音，生还者们！ 我们正在准备一支精锐部队。 做好准备，一切就绪后请回复无线电。",
        "emo": "w"
    },
    "radiobutton201.wav": {
        "jp": "了解! 身を守る準備をしておいてください。 すぐ向かいます!",
        "zh": "清楚地听到了你宏亮的声音！ 准备好了，我们在路上！",
        "emo": "w"
    },
    "radiobutton202.wav": {
        "jp": "そちらの準備ができたら知らせてください!",
        "zh": "一切就绪，可以走了。 就绪后发出通知！",
        "emo": "w"
    },
    "radiobutton205.wav": {
        "jp": "了解。 今そちらに向かっています",
        "zh": "我们刚好能听见你的声音。 我们在路上。",
        "emo": "w"
    },
    "radiobutton206.wav": {
        "jp": "了解。 現在そちらに向かっています",
        "zh": "收到，生还者们。 我们在路上。",
        "emo": "w"
    },
    "radiobutton207.wav": {
        "jp": "了解。 生存者の皆さん、到着予定時刻は10分後です",
        "zh": "收到，生还者们，我们准备出发。 预计 10 分钟内到达。",
        "emo": "w"
    },
    "radiobutton208.wav": {
        "jp": "了解。 生存者の皆さん、到着時刻は10分後を予定しています",
        "zh": "已经出发，生还者们。 请知悉，我们将于 10 分钟后到达。",
        "emo": "w"
    },
    "radiobutton209.wav": {
        "jp": "了解。 到着まで10分ほどかかります。 それまで何とかして耐えてください",
        "zh": "收到，生还者们。 我们将于 10 分钟后到达。 马上行动，坚持住，收到了吗？",
        "emo": "w"
    },
    "radiobutton210.wav": {
        "jp": "了解。すぐに到着します。 それまで何とか耐えてください!",
        "zh": "收到，生还者们。 我们来救你了！ 撑住！",
        "emo": "w"
    },
    "radiointransit01.wav": {
        "jp": "お知らせします。 当該地区到着まで残りおよそ8分です",
        "zh": "大家相互转告，我们大约还有 8 分钟就达到目标了。",
        "emo": "w"
    },
    "radiointransit02.wav": {
        "jp": "生存者の皆さん、到着まであと8分かかります。 できるだけ目立たないようにして待っていてください。 すぐに到着します",
        "zh": "嘿，生还者们，我们还有 8 分钟时间。 耐心等着。 我们就要来了。",
        "emo": "w"
    },
    "radioinitialbroadcast01.wav": {
        "jp": "こちらはアメリカ軍安全地帯の非常放送です。 応答願います",
        "zh": "这里是来自美国安全地带的紧急无线电。 请回答。",
        "emo": "w"
    },
    "radioinitialbroadcast05.wav": {
        "jp": "こちらは、アメリカ軍の非常放送です。 この放送を聞いた方は、すぐに無線の発信ボタンを押しながらマイクに向かって応答してください",
        "zh": "你正在接听的是来自美国军队的紧急无线电。 如果你能听到的话，请在立即按下 SEND 按钮的同时，使用麦克风。",
        "emo": "w"
    },
    "radioinitialbroadcast06.wav": {
        "jp": "こちらはアメリカ軍の非常放送です。 応答願います",
        "zh": "这里是来自美国军队的紧急无线电。 请回答。",
        "emo": "w"
    },
    "radionag01.wav": {
        "jp": "準備ができたら連絡してください!",
        "zh": "准备完毕请告知！",
        "emo": "w"
    },
    "radionag02.wav": {
        "jp": "準備ができたら連絡してください",
        "zh": "准备完毕请告知。",
        "emo": "w"
    }
}