{
    "chatter01.wav": {
        "jp": "レスキュー隊７へ。こちらパパゲーター。どうぞ",
        "zh": "7 号救援小组，这里是鳄鱼爸爸。完毕。",
        "emo": "w"
    },
    "chatter02.wav": {
        "jp": "レスキュー隊７へ。そっちの修理状況を報告して下さい。どうぞ",
        "zh": "第七组，你们那边的维修进度如何。完毕。",
        "emo": "w"
    },
    "chatter03.wav": {
        "jp": "聞こえません。こちらレスキュー隊７。もう一度言って下さい。どうぞ",
        "zh": "信号不清楚。请再重复一次，第七组。完毕。",
        "emo": "w"
    },
    "chatter04.wav": {
        "jp": "了解! 全員救出完了。最後のバザードは１５分後に始まる。了解! どうぞ",
        "zh": "收到。所有“羔羊”都救走了。你们的直升机要在 15 分钟内起飞。收到吗？完毕。",
        "emo": "w"
    },
    "chatter05.wav": {
        "jp": "こちらレスキュー隊７、西岸クリア。えー、領域クリアです。どうぞ",
        "zh": "西岸已清除，第七组。啊，防御区也清除了。完毕。",
        "emo": "w"
    },
    "chatter06.wav": {
        "jp": "レスキュー隊７へ。えー、ウィスキーデルタが見えますか? 味方か? どうぞ",
        "zh": "7号救援小组，你们，呃，你们看到的是被感染者？或是自己人？完毕。",
        "emo": "w"
    },
    "chatter07.wav": {
        "jp": "ウィスキーデルタか、それとも味方か? どうぞ",
        "zh": "被感染者或是，呃，自己人？完毕。",
        "emo": "w"
    },
    "chatter08.wav": {
        "jp": "レスキュー隊７へ。全員救出しました、ターゲットは敵と見なしてよいだろう。明らかに敵と思われるターゲットのみを遂行しろ。どうぞ",
        "zh": "第七组，所有“迷途的羔羊”都可能导致事故。这些目标都要被认定为具有威胁性。只有在确认目标未受感染后才可解除对其戒备。完毕。",
        "emo": "w"
    },
    "chatter09.wav": {
        "jp": "こちらレスキュー隊７。了解。橋の表面をクリアにして下さい。最後のバザードが１５分後に始まる。どうぞ",
        "zh": "了解，第七组。保持桥面区域安全。你们最后一架直升机依旧按计划在 15 分钟内飞离。通话结束。",
        "emo": "w"
    },
    "chopper01.wav": {
        "jp": "ヘリコプターに乗り込め!",
        "zh": "到直升机里来！",
        "emo": "w"
    },
    "chopper02.wav": {
        "jp": "ヘリまで行け!",
        "zh": "快上直升机！",
        "emo": "w"
    },
    "chopper03.wav": {
        "jp": "ヘリコプターの方へ!",
        "zh": "上直升机！",
        "emo": "w"
    },
    "chopper04.wav": {
        "jp": "早く乗るんだ!",
        "zh": "快进来！",
        "emo": "w"
    },
    "chopper05.wav": {
        "jp": "みんなヘリコプターへ!",
        "zh": "所有人都进直升机！",
        "emo": "w"
    },
    "chopper06.wav": {
        "jp": "離陸するぞ!",
        "zh": "我们就要起飞了！",
        "emo": "w"
    },
    "chopper07.wav": {
        "jp": "さぁ、行くぞ。みんなヘリコプターへ!",
        "zh": "快一点！所有人上直升机！",
        "emo": "w"
    },
    "chopper08.wav": {
        "jp": "行くぞ!行くぞ!",
        "zh": "快点，快点，快点！",
        "emo": "w"
    },
    "misc01.wav": {
        "jp": "確認できません。西岸から銃声が聞こえました。どうぞ",
        "zh": "无法确认，枪声是从西岸传来的。完毕。",
        "emo": "w"
    },
    "misc02.wav": {
        "jp": "こちらレスキュー隊７。了解。",
        "zh": "收到了，第七组。完毕",
        "emo": "w"
    },
    "misc03.wav": {
        "jp": "銃声が西岸から聞こえました。どうぞ",
        "zh": "枪声是从西岸传来的。完毕。",
        "emo": "w"
    },
    "misc04.wav": {
        "jp": "閃光が見えました。どうぞ",
        "zh": "我们有看到闪光。完毕。",
        "emo": "w"
    },
    "misc05.wav": {
        "jp": "了解、いつでも戦闘態勢に入れるようスタンバイして下さい",
        "zh": "这是强制命令。要认真执行。完毕。",
        "emo": "w"
    },
    "misc06.wav": {
        "jp": "明らかな敵のみを狙え",
        "zh": "只有确认目标未被感染后才可解除戒备。",
        "emo": "w"
    },
    "misc07.wav": {
        "jp": "ポジション維持",
        "zh": "坚守岗位。",
        "emo": "w"
    },
    "misc08.wav": {
        "jp": "合併しろ",
        "zh": "加强防御。",
        "emo": "w"
    },
    "misc09.wav": {
        "jp": "抽出された",
        "zh": "检查武器。",
        "emo": "w"
    },
    "misc10.wav": {
        "jp": "レスキュー隊７へ。了解、５分後に確認に行きます",
        "zh": "明白了，7号救援小组。开始检查。",
        "emo": "w"
    },
    "misc11.wav": {
        "jp": "パパゲーターへ。了解だ、５分後に確認に行きます",
        "zh": "鳄鱼爸爸了解了。开始检查。",
        "emo": "w"
    },
    "misc12.wav": {
        "jp": "了解しました!",
        "zh": "鳄鱼爸爸收到。",
        "emo": "w"
    },
    "misc13.wav": {
        "jp": "リマ、チャーリー",
        "zh": "收到。",
        "emo": "w"
    },
    "misc14.wav": {
        "jp": "避難ゾーン、クリア",
        "zh": "撤离点安全。",
        "emo": "w"
    },
    "misc15.wav": {
        "jp": "視認する",
        "zh": "我正在检查。",
        "emo": "w"
    },
    "misc16.wav": {
        "jp": "最後の非保菌者が避難しました",
        "zh": "最后一批未感染人员已撤离。",
        "emo": "w"
    },
    "misc17.wav": {
        "jp": "了解",
        "zh": "收到。",
        "emo": "w"
    },
    "misc18.wav": {
        "jp": "ダメだ",
        "zh": "不行。",
        "emo": "w"
    },
    "misc19.wav": {
        "jp": "賛成だ",
        "zh": "明白。",
        "emo": "w"
    },
    "misc20.wav": {
        "jp": "賛成だ",
        "zh": "明白。",
        "emo": "w"
    },
    "misc21.wav": {
        "jp": "もう一度言ってください",
        "zh": "再说一次？",
        "emo": "w"
    },
    "misc22.wav": {
        "jp": "了解!",
        "zh": "了解。",
        "emo": "w"
    },
    "misc23.wav": {
        "jp": "どうぞ",
        "zh": "完毕。",
        "emo": "w"
    },
    "nags01.wav": {
        "jp": "レスキュー隊７へ。最後のバザードランまで１０分です。どうぞ",
        "zh": "第七组，最后一架直升机 10 分钟后撤离，完毕。",
        "emo": "w"
    },
    "nags02.wav": {
        "jp": "レスキュー隊７へ。最後のバザードランまで９分です。どうぞ",
        "zh": "第七组，最后一架直升机 9 分钟后撤离。完毕。",
        "emo": "w"
    },
    "nags03.wav": {
        "jp": "レスキュー隊７へ。最後のバザードランまで８分です。どうぞ",
        "zh": "第七组，最后一架直升机 8 分钟后撤离，完毕。",
        "emo": "w"
    },
    "nags04.wav": {
        "jp": "レスキュー隊７へ。最後のバザードランまで７分です。どうぞ",
        "zh": "第七组，最后一架直升机 7 分钟后撤离。完毕。",
        "emo": "w"
    },
    "nags05.wav": {
        "jp": "レスキュー隊７へ。最後のバザードランまで６分です。どうぞ",
        "zh": "第七组，最后一架直升机 6 分钟后撤离。完毕。",
        "emo": "w"
    },
    "nags06.wav": {
        "jp": "レスキュー隊７へ。最後のバザードランまで５分です。どうぞ",
        "zh": "第七组，最后一架直升机 5 分钟后撤离。完毕。",
        "emo": "w"
    },
    "nags07.wav": {
        "jp": "レスキュー隊７へ。最後のバザードランまで４分です。どうぞ",
        "zh": "第七组，最后一架直升机 4 分钟后撤离。完毕。",
        "emo": "w"
    },
    "nags08.wav": {
        "jp": "レスキュー隊７へ。最後のバザードランまで３分です。どうぞ",
        "zh": "第七组，最后一架直升机 3 分钟后撤离。完毕。",
        "emo": "w"
    },
    "nags09.wav": {
        "jp": "レスキュー隊７へ。最後のバザードランまで２分です。どうぞ",
        "zh": "第七组，最后一架直升机 2 分钟后撤离。完毕。",
        "emo": "w"
    },
    "nags10.wav": {
        "jp": "レスキュー隊７へ。最後のバザードランまで１分です。どうぞ",
        "zh": "第七组，离最后一架直升机撤离还有 1 分钟。完毕。",
        "emo": "w"
    },
    "nags11.wav": {
        "jp": "レスキュー隊７へ。バザードラン開始可能か? どうぞ",
        "zh": "第七组，我们的可以撤离了吗？完毕。",
        "emo": "w"
    },
    "nags12.wav": {
        "jp": "こちらレスキュー隊７。了解。以上通信終了",
        "zh": "了解了，第七组。通话结束。",
        "emo": "w"
    },
    "survivortalk01.wav": {
        "jp": "レスキュー隊７へ。それは橋の方から来るぞ!",
        "zh": "第七组，无线电是从桥那边传来的！",
        "emo": "w"
    },
    "survivortalk02.wav": {
        "jp": "ブリッジ、姿を見せろ!",
        "zh": "桥上的人，请表明你的身份。",
        "emo": "w"
    },
    "survivortalk03.wav": {
        "jp": "ブリッジ、誰だ?",
        "zh": "桥上的人，你是谁？",
        "emo": "w"
    },
    "survivortalk04.wav": {
        "jp": "ブリッジ、お前は免疫者か?",
        "zh": "桥上的人，你有免疫力吗？",
        "emo": "w"
    },
    "survivortalk05.wav": {
        "jp": "ブリッジ、違う。お前は免疫者か? 感染者に遭遇したか?",
        "zh": "不行，桥上的人。你真的有免疫力吗？你有遇到过被感染者吗？",
        "emo": "w"
    },
    "survivortalk06.wav": {
        "jp": "レスキュー隊７へ。感染者への対応は可能ですか？",
        "zh": "7 号救援小组，你们准备好装载“货物”了吗？",
        "emo": "w"
    },
    "survivortalk07.wav": {
        "jp": "ブリッジ、我々はその領域から撤退した。残りのピックアップ場所はこの橋の反対側の先端だ。最後のヘリコプターは１０分後に出発します。スパンを低くして橋を渡らなければいけない。あなたに神のご加護がありますように",
        "zh": "桥上的人注意，我们已经把路障移开了。你们只需要到达桥对岸就能上到直升飞机。我们最后一架直升飞机将在 10 分钟内离开。现在你们得把桥降下来并到达对岸。愿上帝与你们同在。",
        "emo": "w"
    },
    "survivortalk08.wav": {
        "jp": "ブリッジ、その領域に味方はいない。残りのピックアップ場所は橋の東岸部だけだ。最後のヘリコプターは１０分後に出発します、スパンを低くして東端まで行く必要がある",
        "zh": "桥上的人请注意，路障已经被移开了。你们只需要到达桥的东岸即可。我们最后一架直升机将在 10 分钟内撤离。你们需要把桥降下来然后到达桥的东岸。",
        "emo": "w"
    },
    "survivortalk09.wav": {
        "jp": "お知らせします。ブリッジはウィスキーデルタと共にはっている",
        "zh": "请注意：桥上有感被感染者。",
        "emo": "w"
    },
    "survivortalk10.wav": {
        "jp": "お知らせします。ブリッジは感染者と一緒にはっている",
        "zh": "请注意：桥上有被感染者。",
        "emo": "w"
    },
    "survivortalk11.wav": {
        "jp": "幸運を祈る!",
        "zh": "祝你们好运！",
        "emo": "w"
    },
    "survivortalk12.wav": {
        "jp": "幸運を祈る!",
        "zh": "祝你们好运，桥上的人！",
        "emo": "w"
    },
    "survivortalk13.wav": {
        "jp": "幸運を祈る!",
        "zh": "愿上帝与你们同在，桥上的人。",
        "emo": "w"
    }
}