{
    "c3end01.wav": {
        "jp": "やあこんにちは。この３日間人の声を一度も聞いていなくてね",
        "zh": "喔，你好。我已经三天都沒有听到其他人的声音了。",
        "emo": "d"
    },
    "c3end02.wav": {
        "jp": "どうも。こんにちは。俺のかみさんが噛み付かれて以来とても静かだったよ",
        "zh": "喔，你好。至从我太太离开后，一切都变的很清静。",
        "emo": "d"
    },
    "c3end03.wav": {
        "jp": "やあどうも。こんにちは。この３日間誰からも何の連絡もない。何か御用ですか?",
        "zh": "喔，你好。好的，我已经三天都沒有听到别人的声音了。我能夠为你做些什么吗？",
        "emo": "d"
    },
    "c3end04.wav": {
        "jp": "誰だい。どうもみなさんこんにちは。どこにいる?",
        "zh": "你是谁？你还好吧？你在哪里？",
        "emo": "d"
    },
    "c3end05.wav": {
        "jp": "やあどうも。こんにちは。どうもみなさんこんにちは。長い間誰からも連絡がなかったよ。何か御用ですか?",
        "zh": "喔，你好。你都还好吧？我已经很久没有听到别人的声音了。我能夠为你做些什么吗？",
        "emo": "d"
    },
    "c3end06.wav": {
        "jp": "こんにちは。この水辺の辺りはかなり静かだ。この３日間誰からの連絡もない。私があなた達に出来る事があるかい?",
        "zh": "你好。在水上飘荡的日子真的太清静了，我已经三天都沒有听到别人的声音了。现在告诉我，我能夠为你做些什么吗?",
        "emo": "d"
    },
    "c3end07.wav": {
        "jp": "おや、そこにいるのは誰だ? おお、どうもみなさんこんにちは、どこにいる?",
        "zh": "好了，是谁在说话？嘿，你还好吧？你在哪里？",
        "emo": "d"
    },
    "c3end08.wav": {
        "jp": "これはどうも。みなさんこんにちは。私の妻が噛まれて以来、この水辺はとても静かさ、私はあなた達に何が出来るかね?",
        "zh": "喔，好的，你还好吧？自从我的太太离开之后，我的生活就变得很清静。告诉我，我能夠为你做些什么?",
        "emo": "d"
    },
    "c3end09.wav": {
        "jp": "今どこにいる?",
        "zh": "嘿，你在什么地方？",
        "emo": "h"
    },
    "c3end10.wav": {
        "jp": "みんなどこにいる?",
        "zh": "你在哪里？",
        "emo": "h"
    },
    "c3end11.wav": {
        "jp": "どこにいるか教えてくれ",
        "zh": "现在告诉我，你在哪？",
        "emo": "h"
    },
    "c3end12.wav": {
        "jp": "どこにいる?",
        "zh": "你在哪里？",
        "emo": "h"
    },
    "c3end13.wav": {
        "jp": "どこにいるんだ?",
        "zh": "那么，你在哪里？",
        "emo": "h"
    },
    "c3end14.wav": {
        "jp": "何?",
        "zh": "什么？",
        "emo": "h"
    },
    "c3end15.wav": {
        "jp": "もう一度!今なんて言った?",
        "zh": "再说一遍，什么？",
        "emo": "d"
    },
    "c3end16.wav": {
        "jp": "は? 今なんて言った?",
        "zh": "现在，什么，现在吗？",
        "emo": "h"
    },
    "c3end17.wav": {
        "jp": "よく聞こえない、何だって?",
        "zh": "我听不是很清楚。你说什么？现在过去？",
        "emo": "d"
    },
    "c3end18.wav": {
        "jp": "ところであんた達は全部で何人いるんだ?",
        "zh": "你们那边有多少人？",
        "emo": "d"
    },
    "c3end19.wav": {
        "jp": "あんた達は全部で何人いる?",
        "zh": "你们那有多少人？",
        "emo": "h"
    },
    "c3end20.wav": {
        "jp": "全部で何人いる?",
        "zh": "你们有多少人？",
        "emo": "h"
    },
    "c3end21.wav": {
        "jp": "全部で何人?",
        "zh": "你们那有多少人？",
        "emo": "h"
    },
    "c3end22.wav": {
        "jp": "ところであんた達は全部で何人いる?",
        "zh": "现在告诉我，你们有多少人？",
        "emo": "h"
    },
    "c3end23.wav": {
        "jp": "あんた達は全部まとめて何人いる?",
        "zh": "你们有多少人？",
        "emo": "d"
    },
    "c3end24.wav": {
        "jp": "それじゃそこから動かないで、そっちに行くよ",
        "zh": "好的，在那里等着。我马上就过去。",
        "emo": "d"
    },
    "c3end25.wav": {
        "jp": "それじゃそこから動かないで、今すぐそこに行くよ",
        "zh": "好的，在那里等着。我马上过去救你们。",
        "emo": "d"
    },
    "c3end26.wav": {
        "jp": "それじゃ今いる所から動かないで、そっちに行くよ",
        "zh": "好的，在在那边等我。我马上就去接你们。",
        "emo": "d"
    },
    "c3end27.wav": {
        "jp": "それじゃ今いるところから動かないで。今からそっちに行くよ",
        "zh": "好的，在那边等我。我马上过来接你们。",
        "emo": "h"
    },
    "c3end28.wav": {
        "jp": "じゃ、今いる所から動かないように。今そこに行くよ",
        "zh": "好的，在那边等我。我马上去你那边。",
        "emo": "h"
    },
    "c3end29.wav": {
        "jp": "オーケー、そこから動かないで。今そっちに行くさ",
        "zh": "好的，在那里等我，我马上就过去接你们。",
        "emo": "h"
    },
    "c3end30.wav": {
        "jp": "よし、上出来だ、今そっちに行くから。今いる場所から動かないでくれ",
        "zh": "好的，很好。我马上去你那边。你们都呆在那里。",
        "emo": "d"
    },
    "c3end31.wav": {
        "jp": "やあ、ボンジュール! 他人の声が聞けるってことはほんとうにうれしい事だ",
        "zh": "喔，你好！能听见别人的声音真的、真的太好了。",
        "emo": "h"
    },
    "c3end32.wav": {
        "jp": "これはこれはボンジュール! 自分以外の人間の声が聞けてとてもうれしいよ。ここはとても静かだからな",
        "zh": "好，你好！真的、真的很高兴听见别人的声音。这段时间都太安静了。",
        "emo": "h"
    },
    "c3end33.wav": {
        "jp": "ボンジュール! 他人の声を聞けてとてもうれしいよ。ここしばらく静かだったからね",
        "zh": "你好！真的、真的很高兴听见别人的声音。这段时间都太安静了。",
        "emo": "h"
    },
    "c3end34.wav": {
        "jp": "オーケー、今どこにいる?",
        "zh": "好了，你在哪里？",
        "emo": "h"
    },
    "c3end35.wav": {
        "jp": "今どこだ?",
        "zh": "你在哪里？",
        "emo": "h"
    },
    "c3end36.wav": {
        "jp": "どこにいる?",
        "zh": "你在哪里？",
        "emo": "h"
    },
    "c3end37.wav": {
        "jp": "どこにいる?",
        "zh": "你们在哪里？",
        "emo": "h"
    },
    "c3end38.wav": {
        "jp": "今どこにいるんだ?",
        "zh": "你们现在在哪里？",
        "emo": "h"
    },
    "c3end39.wav": {
        "jp": "今どこにいるか教えてくれ",
        "zh": "好了，现在告诉我，你们在哪里？",
        "emo": "h"
    },
    "c3end40.wav": {
        "jp": "どこにいるんだ?",
        "zh": "你们在哪里？",
        "emo": "h"
    },
    "c3end41.wav": {
        "jp": "ボートに乗れ!",
        "zh": "到船上来！",
        "emo": "a"
    },
    "c3end42.wav": {
        "jp": "早くボートに乗れ!",
        "zh": "现在，到船上来，马上！",
        "emo": "a"
    },
    "c3end43.wav": {
        "jp": "早く。急げ急げ ボートに乗れ!",
        "zh": "喔，现在赶紧走。到船上来！",
        "emo": "a"
    },
    "c3end44.wav": {
        "jp": "早くして、ボートに乗って!",
        "zh": "现在快点。到船上来，这边！",
        "emo": "a"
    },
    "c3end45.wav": {
        "jp": "それじゃボートに乗って!",
        "zh": "好了，到船上来。",
        "emo": "a"
    },
    "c3end46.wav": {
        "jp": "後ろから追って来てる。早くするんだ!",
        "zh": "快点，它们来了，就在你们后面。到船上来！",
        "emo": "a"
    },
    "c3end47.wav": {
        "jp": "ボートに乗って! ",
        "zh": "到船上来，马上！",
        "emo": "a"
    },
    "c3end48.wav": {
        "jp": "ほら来た来た! ボートに乗れ!",
        "zh": "它们来了，它们来了。到船上来！",
        "emo": "a"
    },
    "c3end49.wav": {
        "jp": "今行く!",
        "zh": "好的，我来了！",
        "emo": "a"
    },
    "c3end50.wav": {
        "jp": "今行く!",
        "zh": "好的，我来了！",
        "emo": "a"
    },
    "c3end51.wav": {
        "jp": "早く!",
        "zh": "就是现在，快来，快来！",
        "emo": "a"
    },
    "c3end52.wav": {
        "jp": "早くしろ!",
        "zh": "现在，快点走，快！",
        "emo": "a"
    },
    "c3end53.wav": {
        "jp": "早くして!急いで!",
        "zh": "喔，现在，抓紧点！抓紧！",
        "emo": "a"
    },
    "c3end54.wav": {
        "jp": "行くぞ! 行くぞ!",
        "zh": "我们走，我们走！快点，快！",
        "emo": "a"
    },
    "c3end55.wav": {
        "jp": "行くぞ! ほらほら!",
        "zh": "我们走吧！快点，快！",
        "emo": "a"
    },
    "c3end56.wav": {
        "jp": "ほらほら!",
        "zh": "好了，抓紧点！快点，快！",
        "emo": "a"
    },
    "c3end57.wav": {
        "jp": "行くぞ! ほらほら!",
        "zh": "喔！我们走吧！快点，快！",
        "emo": "a"
    },
    "c3end58.wav": {
        "jp": "行くぞ! 行くぞ!",
        "zh": "我们走！我们走！",
        "emo": "a"
    },
    "c3end59.wav": {
        "jp": "もう思い出すのはやめて！",
        "zh": "你们可以以后再慢慢回忆这里！快来！",
        "emo": "a"
    },
    "c3end60.wav": {
        "jp": "来た来た! 急いで!",
        "zh": "喔！它们来了！快点，快！",
        "emo": "a"
    },
    "c3end61.wav": {
        "jp": "よっし!よく来た!",
        "zh": "喔！好的！哈哈哈！你们成功了！",
        "emo": "h"
    },
    "c3end62.wav": {
        "jp": "よっし!よく来た!",
        "zh": "喔！现在如何呀！哈哈！",
        "emo": "h"
    },
    "c3end63.wav": {
        "jp": "ようこそ!",
        "zh": "喔！你们成功了！",
        "emo": "h"
    },
    "c3end64.wav": {
        "jp": "ようこそ! ",
        "zh": "欢迎登船！哈哈！",
        "emo": "h"
    },
    "c3end65.wav": {
        "jp": "さあようこそ! ",
        "zh": "现在，欢迎你们登船！哈哈！",
        "emo": "h"
    },
    "c4end01.wav": {
        "jp": "ボートに戻れ!",
        "zh": "现在快来上船！",
        "emo": "a"
    },
    "c4end02.wav": {
        "jp": "ここに戻ってこい!",
        "zh": "来这边上船！",
        "emo": "a"
    },
    "c4end03.wav": {
        "jp": "早くボートに戻れ!",
        "zh": "快到这边来上船！",
        "emo": "a"
    },
    "c4end04.wav": {
        "jp": "ほらさっさとボートに戻れ!",
        "zh": "快点，来这边上船！",
        "emo": "a"
    },
    "c4end05.wav": {
        "jp": "早く! ボートに戻ってこい!",
        "zh": "快点，马上！到这边来上船！",
        "emo": "a"
    },
    "c4end06.wav": {
        "jp": "ほら! ここに戻ってこい!",
        "zh": "好了，快点！到这边来上船！",
        "emo": "a"
    },
    "c4end07.wav": {
        "jp": "早くここに戻ってこい!",
        "zh": "现在快到这边来上船！",
        "emo": "a"
    },
    "c4end08.wav": {
        "jp": "バーガータンクの看板のアイデアはすごくよかったぞ",
        "zh": "哈，用 Burger Tank 招牌发信号，这真聪明。",
        "emo": "d"
    },
    "c4end09.wav": {
        "jp": "バーガータンクの看板、あれは実に賢いアイデアだった!",
        "zh": "用 Burger Tank 的招牌发信号，真聪明。哈哈！",
        "emo": "h"
    },
    "c4end10.wav": {
        "jp": "いやあ、バーガータンクの看板、あれは良案だった!",
        "zh": "喔噢！用 Burger Tank 招牌的主意真的很棒。",
        "emo": "d"
    },
    "c4end11.wav": {
        "jp": "バーガータンクの看板、あれは良案だったな",
        "zh": "用 Burger Tank 招牌的主意真的很棒。",
        "emo": "d"
    },
    "c4end12.wav": {
        "jp": "大男に気をつけろ!",
        "zh": "噢，当心那只大块头！",
        "emo": "a"
    },
    "c4end13.wav": {
        "jp": "大男に気をつけろ!",
        "zh": "当心，注意点那只大块头！",
        "emo": "a"
    },
    "c4end14.wav": {
        "jp": "気をつけろ! あそこに大男がいる!",
        "zh": "喔，小心点，那只大块头，在那边！",
        "emo": "a"
    },
    "c4end15.wav": {
        "jp": "ほらはやく乗れ! ほら行くぞ!",
        "zh": "快点，快上来。快点！",
        "emo": "a"
    },
    "c4end16.wav": {
        "jp": "早くボートに戻ってこい!",
        "zh": "好了，快点到船上来。",
        "emo": "a"
    },
    "c4end17.wav": {
        "jp": "ほら早く! 行くぞ! ボートに乗れ!",
        "zh": "来吧，快点。我们走吧！到船上来！",
        "emo": "a"
    },
    "c4start01.wav": {
        "jp": "ガスを手に入れたら合図しろ",
        "zh": "找到汽油后就给我信号。",
        "emo": "w"
    },
    "c4start02.wav": {
        "jp": "それじゃガソリンを手に入れたら俺に合図してくれ",
        "zh": "好了，当你找到汽油后就给我发信号，记住。",
        "emo": "w"
    },
    "c4start03.wav": {
        "jp": "ガソリンを手に入れたら合図してくれ",
        "zh": "当你们找到汽油了，就给我信号。",
        "emo": "w"
    },
    "c4start04.wav": {
        "jp": "ガソリンを手に入れたら合図してくれ",
        "zh": "你们找到汽油后就给我发信号。",
        "emo": "w"
    },
    "c4start05.wav": {
        "jp": "ガス持って早く戻ってこい。待ってるから",
        "zh": "找到汽油了就赶快回来。我会等你们的。",
        "emo": "d"
    },
    "c4start06.wav": {
        "jp": "早くガソリン持って来てくれ。待ってるぞ",
        "zh": "找到汽油了就快回来。我会在这等你们的。",
        "emo": "d"
    },
    "c4start07.wav": {
        "jp": "ここで待ってるよ、早くガソリン持って来てくれ",
        "zh": "我会在这等你们的。找到汽油后就快回来。",
        "emo": "d"
    },
    "c4start08.wav": {
        "jp": "ガソリン持って早く戻ってこい、ここにいるよ",
        "zh": "找到汽油后就赶快回来，我会等你们的。",
        "emo": "d"
    },
    "c4start09.wav": {
        "jp": "沿岸にボートを泊めて待ってるよ",
        "zh": "我去把船停在岸边，等你们回来哦。",
        "emo": "d"
    },
    "c4start10.wav": {
        "jp": "ここの沿岸で待ってるよ",
        "zh": "现在我要把船靠岸了，等你们回来哦。",
        "emo": "d"
    },
    "c4start11.wav": {
        "jp": "ここの沿岸でいかりを降ろしてあんた達のことを待ってるよ",
        "zh": "现在，我去把船停到岸边，等你们回来。",
        "emo": "d"
    },
    "c4start12.wav": {
        "jp": "ここの沿岸でいかりを降ろしてあんた達のことを待ってるよ",
        "zh": "现在，我去把船停靠在岸边，等你们回来。",
        "emo": "d"
    },
    "c4start13.wav": {
        "jp": "沿岸でいかりを降ろして待ってるよ",
        "zh": "现在，我会把船停靠在岸边，等你们回来。",
        "emo": "d"
    },
    "c4start14.wav": {
        "jp": "俺はボートから降りないぞ。あんた達はガソリンを取りに行ってここに戻って来てくれ",
        "zh": "噢，我就不下船了。你们得去找些汽油，然后带回来这里。",
        "emo": "w"
    },
    "c4start15.wav": {
        "jp": "ボートからは降りないぞ。あんた達はガスを取りに行ってここに戻って来てくれ",
        "zh": "我不下船了。你们得找到汽油，然后回到这里。",
        "emo": "d"
    },
    "c4start16.wav": {
        "jp": "んん…俺はボートから降りないぞ。ガソリンを取りに行ってここに戻って来てくれ",
        "zh": "呃-呃。我就不下船了。你们得去找些汽油，然后带回来这里。",
        "emo": "d"
    },
    "c4start17.wav": {
        "jp": "ガスを取ってここに戻って来るんだ。ボートから降りないぞ",
        "zh": "你们得找到汽油并回到这里。我就不下船了。",
        "emo": "d"
    },
    "c4start18.wav": {
        "jp": "ガスを取ってここに戻って来るんだ。バージルはボートから降りないぞ",
        "zh": "你们得找到汽油，然后回到这里。我就不下船了。",
        "emo": "d"
    },
    "c4start19.wav": {
        "jp": "いや、結構だ、バージルはボートから降りないぞ。ガスを取ってここに戻って来るんだ",
        "zh": "呃-呃，我不下船。你们得找到柴油，然后回来这里。",
        "emo": "d"
    },
    "c5start01.wav": {
        "jp": "俺はここまで。でもあんた達はここから橋まで行けるよ",
        "zh": "这是我能到达的最远的地方了，但你们可以从这里到达桥那边去。",
        "emo": "d"
    },
    "c5start02.wav": {
        "jp": "もうこれ以上先へは行かない",
        "zh": "我只能送你们到这里了。",
        "emo": "d"
    },
    "c5start03.wav": {
        "jp": "これ以上は先に行かないが、あんた達はここから橋まで戻れる",
        "zh": "好了，我只能送你们到这里了，但你们可以从这里到达桥那边去。",
        "emo": "d"
    },
    "c5start04.wav": {
        "jp": "バージルはこれ以上先には行かない。でもあんた達はここから橋まで戻れる",
        "zh": "好了，我只能走到这里了，但你们可以从这里到达桥那边。",
        "emo": "d"
    },
    "c5start05.wav": {
        "jp": "バージルはこれ以上先には行かないけど、あんた達はここから橋まで行ける",
        "zh": "我只能送你们到这里了，但你们可以从这里到达桥那边去。",
        "emo": "d"
    },
    "c5start06.wav": {
        "jp": "幸運を祈ってるよ! 他に生存者がいないか見てくる",
        "zh": "现在，祝你们好运！我要去找找其他生还者了！",
        "emo": "d"
    },
    "c5start07.wav": {
        "jp": "がんばってな! 他の生存者も探してくる!",
        "zh": "祝你们好运！现在我要去找找其他的生还者了！",
        "emo": "d"
    },
    "c5start08.wav": {
        "jp": "それじゃがんばってな! 他の人も探してくる!",
        "zh": "好了，祝你们好运！我要去找找其他的生还者！",
        "emo": "d"
    },
    "c5start09.wav": {
        "jp": "がんばってな! もっと人がいるか探してくる",
        "zh": "祝你们好运！我要去找找其他的生还者！",
        "emo": "d"
    },
    "c5start10.wav": {
        "jp": "それじゃ、他の人が助けを求めてないかチェックしてくる",
        "zh": "好了，祝你们好运！现在我要去看看还能不能帮到其他人！",
        "emo": "d"
    },
    "c5start11.wav": {
        "jp": "それじゃ、他の人が助けを求めてないかチェックしてくる",
        "zh": "好了，祝你们好运！现在我要去看看还能不能帮到其他人！",
        "emo": "d"
    },
    "c5start12.wav": {
        "jp": "他の人が助けを求めてないかチェックしてくる!",
        "zh": "祝你们好运！现在我要去看看还能不能帮到其他人！",
        "emo": "d"
    },
    "c5start13.wav": {
        "jp": "幸運を祈る!",
        "zh": "祝你们好运！",
        "emo": "d"
    },
    "c5start14.wav": {
        "jp": "幸運を祈る! じゃあ気をつけて",
        "zh": "祝你们好运！你们要保重呀。",
        "emo": "d"
    },
    "c5start15.wav": {
        "jp": "がんばって!",
        "zh": "祝你们好运！",
        "emo": "d"
    },
    "c5start16.wav": {
        "jp": "がんばれ!",
        "zh": "祝你们好运！",
        "emo": "d"
    },
    "c5start17.wav": {
        "jp": "じゃあ気をつけて",
        "zh": "你们要保重呀。",
        "emo": "d"
    },
    "c5start18.wav": {
        "jp": "みんな元気で",
        "zh": "你们要保重呀。",
        "emo": "d"
    },
    "c5start19.wav": {
        "jp": "それじゃみんなお元気で",
        "zh": "好了，现在，你们可要好好保重了。",
        "emo": "d"
    },
    "c5start20.wav": {
        "jp": "それじゃ、あんた達気を付けて!",
        "zh": "好了，现在，你们可要好好保重了。",
        "emo": "d"
    }
}