{
    "comeupstairs01.wav": {
        "jp": "やあ、どうもこんにちは。私の銃を持って二階においで、君に手伝ってもらいたいことがある",
        "zh": "你们好。为什么你们不去给自己拿几把枪，然后到楼梯上来。我有些事情可以让你们帮忙。",
        "emo": "h"
    },
    "comeupstairs02.wav": {
        "jp": "こんにちは。私の名前はウィテカー。このビジネスのオーナーだ。必要な物を全部持って行くがいい。そして終わったら二階に来てほしい",
        "zh": "你们好。我叫 Whitaker。这是我的商店。随便拿你们想要的东西，然后到楼上来一下。",
        "emo": "h"
    },
    "comeupstairs03.wav": {
        "jp": "時間に余裕がない、銃を持って二階に来てくれ。行く途中で説明する",
        "zh": "没多少时间了。给你们自己找把枪，然后到楼上来，我会顺便解释给你们听的。",
        "emo": "h"
    },
    "comeupstairslongera01.wav": {
        "jp": "それでは、最終的にこれでうまくいくかもしれない",
        "zh": "好吧。毕竟，这只是刚刚开始而已。",
        "emo": "d"
    },
    "comeupstairslongera02.wav": {
        "jp": "武器を自由に取ってくれ。必要な物も全てな",
        "zh": "你们不用客气。尽管拿你们需要的武器。",
        "emo": "h"
    },
    "comeupstairslongera03.wav": {
        "jp": "ちょっと、やっかいな事になってるんだが手を貸してくれないか?",
        "zh": "这么说吧，我遇到了些小问题，而我不知道你们是否能够帮到我。",
        "emo": "h"
    },
    "comeupstairslongera04.wav": {
        "jp": "終わったら二階に来てくれ",
        "zh": "选完后就到楼上来。",
        "emo": "h"
    },
    "comeupstairslongerb01.wav": {
        "jp": "それでは、最終的にこれでうまくいくかもしれない",
        "zh": "好了。毕竟这只是刚刚开始而已。",
        "emo": "d"
    },
    "comeupstairslongerb02.wav": {
        "jp": "私の銃を自由に使ってくれ",
        "zh": "我的武器你们随便拿。",
        "emo": "h"
    },
    "comeupstairslongerb03.wav": {
        "jp": "必要な物はすべて取ってくれ、ちょっとやっかいなことになってるんだが…",
        "zh": "随便拿你需要的东西。这么说吧，我遇到了些小麻烦，然后...",
        "emo": "d"
    },
    "comeupstairslongerb04.wav": {
        "jp": "貴様ら、私の店に触るな!",
        "zh": "別碰我店里的东西，你这天杀的家伙。",
        "emo": "w"
    },
    "comeupstairslongerb05.wav": {
        "jp": "ちょっと手を貸してくれないかい?",
        "zh": "而我不确定你们是否能够帮到我。",
        "emo": "d"
    },
    "comeupstairslongerb06.wav": {
        "jp": "終わったら二階に来てくれ",
        "zh": "挑完了就到楼上来。",
        "emo": "h"
    },
    "comeupstairslongerc01.wav": {
        "jp": "こんにちは。血まみれの盗人が４人も私の店に押し入って来たら、普通だったらその場で撃つんだが",
        "zh": "你们好。通常当四个浑身血迹斑斑、像是抢劫犯的家伙闯进我的店时，我会直接开枪打他们。",
        "emo": "d"
    },
    "comeupstairslongerc02.wav": {
        "jp": "君は絶好のタイミングで偶然私を見つけた",
        "zh": "但是，这一次就当作例外了。",
        "emo": "d"
    },
    "comeupstairslongerc03.wav": {
        "jp": "必要な武器を持って二階に来てくれ。我々が合意に達せると私は信じている",
        "zh": "拿上你们需要的武器，然后到楼上来。看来我们可以达成一个协议。",
        "emo": "d"
    },
    "comeupstairslongerd01.wav": {
        "jp": "こんにちは!",
        "zh": "你们好！",
        "emo": "h"
    },
    "comeupstairslongerd02.wav": {
        "jp": "血まみれの盗人が４人も私の店に押し入って来たら、普通だったらその場で撃つんだが",
        "zh": "通常当四个浑身血迹斑斑、像是抢劫犯的家伙闯进我的店时，我会直接开枪打他们。",
        "emo": "d"
    },
    "comeupstairslongerd03.wav": {
        "jp": "でも君は偶然にも私を見つけた",
        "zh": "但是，这一次的话...",
        "emo": "d"
    },
    "comeupstairslongerd04.wav": {
        "jp": "私の店に触るな!",
        "zh": "别碰我店里的东西。",
        "emo": "w"
    },
    "comeupstairslongerd05.wav": {
        "jp": "絶好のタイミングで私を見つけたな",
        "zh": "...算是例外。",
        "emo": "d"
    },
    "comeupstairslongerd06.wav": {
        "jp": "必要な武器を持って二階に来てくれ。私が思うに…",
        "zh": "拿上你们需要的武器，然后到楼上来。我觉得…",
        "emo": "d"
    },
    "comeupstairslongerd07.wav": {
        "jp": "登ってみろよ、緑肌のクソ野郎!",
        "zh": "有种爬上来，你这个天杀的死混蛋。",
        "emo": "w"
    },
    "comeupstairslongerd08.wav": {
        "jp": "我々が合意に達せると信じている",
        "zh": "我们可以达成一个协议。",
        "emo": "h"
    },
    "conversation01.wav": {
        "jp": "やってみては? 銃なら沢山持っている",
        "zh": "你们可以试试，我这有很多枪，孩子。",
        "emo": "h"
    },
    "conversation02.wav": {
        "jp": "君達がモールに行く手助けをしてあげるだけじゃなく、君達が私から盗んだ銃もあげますよ。無料でね",
        "zh": "我不但能帮你们到达到购物中心，还会把这些枪给你们，完全免费。",
        "emo": "h"
    },
    "conversation03.wav": {
        "jp": "私は口にした事は守る男だ。私の為にコーラを入手してくれるならモールへの道を開けてあげるよ、銃の料金は店持ちだ",
        "zh": "我是个守信用的人，先生。只要你们到便利店给我弄一些可乐，我就帮你们清出一条能到达购物中心的路。枪你们随便用。",
        "emo": "h"
    },
    "conversation04.wav": {
        "jp": "私の為にコーラを入手してくれたら君への手助けは保証するさ。銃はその為の太っ腹な寄付品だ思ってくれ",
        "zh": "只要帮我弄来可乐，我就一定帮助你们，先生。现在你们拿着的免费枪械就是我最大的保证。",
        "emo": "h"
    },
    "conversation05.wav": {
        "jp": "私は取り決めた事から逃げるような男じゃない、それで交渉成立という事で構わないが、私は何が何でも二度とあそこには行かない",
        "zh": "我不是一个食言的男人，我会和你们共渡难关的，但要我回到下面去那是绝对不可能的。",
        "emo": "h"
    },
    "conversation06.wav": {
        "jp": "この人生６０年間、私は一度たりとも人から逃げたり物事から逃げたりしたことはない。紳士としての私の言葉を信じていい",
        "zh": "我在这世上已经活了六十年了，我不是那种隨口说的人。我可是说到做到的人。",
        "emo": "h"
    },
    "conversation07.wav": {
        "jp": "私は口にした事は守る男だ。私の言葉を信用していい",
        "zh": "我是守信用的人，女士。我向你保证。",
        "emo": "h"
    },
    "conversation08.wav": {
        "jp": "紳士として私は騙すような事はしないさ、そこに行って交渉したいところだが、すでにドアを溶接して閉めてしまった",
        "zh": "我是守信用的人，决不食言，先生。我很想下来和你们并肩作战，但是我已经把门焊死了。",
        "emo": "h"
    },
    "conversation09.wav": {
        "jp": "コーラだ。コーラとナッツ用に",
        "zh": "可乐，女士。帮我找到可乐和花生。",
        "emo": "h"
    },
    "conversation10.wav": {
        "jp": "私達はラッキーだよ。そうでなければ交渉する余地もなければモールへ行く術もないわけだから",
        "zh": "我让你们帮我纯属偶然事件，不然的话你们别想和我讨价还价，也别指望到达购物中心。",
        "emo": "d"
    },
    "conversation11.wav": {
        "jp": "いいえ、ダイエットの味はイマイチだ、チェリーコーラなんてもってのほかだ、普通のコーラじゃなければ話にならない",
        "zh": "不，先生。健怡可乐不合我的胃口。我也不想看到樱桃口味的可乐。我只要原味的可乐，不然就没得商量。",
        "emo": "d"
    },
    "conversation12.wav": {
        "jp": "君が努力して行く上でそれが君のお役に立てるのならどうぞ持っていてくれ",
        "zh": "如果我的枪能夠帮助到你们，那就请拿上它们吧。",
        "emo": "h"
    },
    "conversation13.wav": {
        "jp": "それらを良い事に使うと約束してくれるのなら",
        "zh": "你们只需保证能夠好好地使用它们。",
        "emo": "h"
    },
    "conversation14.wav": {
        "jp": "それらを良い事に使うと約束してくれるのなら。そして前にも言ったように、コーラを",
        "zh": "你们只需保证能夠好好地使用它们。还有，别忘了我之前说的，可乐。",
        "emo": "h"
    },
    "conversation15.wav": {
        "jp": "いいえ結構。レストランサイズの箱を５つあの上に持っている",
        "zh": "不了，谢谢你，女士。我这里还有五大箱呢。",
        "emo": "h"
    },
    "conversation16.wav": {
        "jp": "それがまさに私の条件だ",
        "zh": "那些就是我的条件，先生",
        "emo": "h"
    },
    "conversation17.wav": {
        "jp": "そういう事ならそれをキープさせてやってもいい、外に出たら君のカバーだってしてやるさ",
        "zh": "我愿意让你带着它，孩子。而且，我会在你们出去的时候掩护你们。",
        "emo": "h"
    },
    "conversation18.wav": {
        "jp": "それは全部君の物だよ、お嬢ちゃん、外に出たら君のカバーだってしてやるさ",
        "zh": "那些现在都是你的了，女孩。而且，我还会在你们出去的时候掩护你们。",
        "emo": "h"
    },
    "conversation19.wav": {
        "jp": "出来のいい鉄砲の微妙な完璧さを分かってくれる女性は好きだな",
        "zh": "我喜欢一个懂得欣赏好枪的女人。",
        "emo": "h"
    },
    "defendchatter01.wav": {
        "jp": "警報機だ! 今だ、行け!",
        "zh": "警报响了！动作快点！",
        "emo": "h"
    },
    "defendchatter02.wav": {
        "jp": "警報機だ! 行け!早く、行け!",
        "zh": "警报响了！快走，快，快走！",
        "emo": "h"
    },
    "defendchatter03.wav": {
        "jp": "警報機だ! 行け! カバーしてやる!",
        "zh": "警报响了！快走！我会掩护你的！",
        "emo": "h"
    },
    "defendchatter04.wav": {
        "jp": "カバーしてやる! 私が必要な物を取って来てくれ!",
        "zh": "我会掩护你们的！快去找我要的东西！",
        "emo": "h"
    },
    "defendchatter05.wav": {
        "jp": "さっさと動け! 自分が出来る所で君の手助けをする!",
        "zh": "行动起来，快去！我会尽力帮助你们的！",
        "emo": "h"
    },
    "defendchatter06.wav": {
        "jp": "下がれ、恐ろしい生き物達め!",
        "zh": "滚开，你这死杂种！",
        "emo": "w"
    },
    "defendchatter07.wav": {
        "jp": "カバーしてやる! 行け!",
        "zh": "我会掩护你们的！快去！",
        "emo": "h"
    },
    "defendchatter08.wav": {
        "jp": "コーラの件、覚えてるな? やむを得なければ仲間の事は置き去りにしろ。でもコーラだけは持ってこい!",
        "zh": "记得我的可乐！就算得扔下一个人不管，也别忘了我的可乐！",
        "emo": "h"
    },
    "defendchatter09.wav": {
        "jp": "必要であれば自分達を犠牲にしろ、コーラはそれだけ重要なんだ",
        "zh": "如果有必要就你牺牲自己吧！但是可乐是最重要！",
        "emo": "h"
    },
    "defendchatter10.wav": {
        "jp": "その女の子は置いて行け。でもコーラは持ってこい",
        "zh": "別管那个女孩，快去拿可乐！",
        "emo": "h"
    },
    "defendchatter11.wav": {
        "jp": "その男は置いていて。でもコーラは持ってこい",
        "zh": "別管那小子，快去拿可乐！",
        "emo": "h"
    },
    "defendchatter12.wav": {
        "jp": "白いスーツの奴は置いて行け。でもコーラは持ってこい!",
        "zh": "別管那个穿白西装的，快去拿可乐！",
        "emo": "h"
    },
    "defendchatter13.wav": {
        "jp": "デブの事は忘れろ。でもコーラは持ってこい!",
        "zh": "别管那个胖子，快去拿可乐！",
        "emo": "h"
    },
    "defendchatter14.wav": {
        "jp": "来た!",
        "zh": "它们来了！",
        "emo": "h"
    },
    "defendchatter15.wav": {
        "jp": "ああ、ちくしょう、ヤツらが来る… 世話になった",
        "zh": "啊，该死。它们来了。很高兴认识你们。",
        "emo": "q"
    },
    "defendchatter16.wav": {
        "jp": "ああ、ちくしょう、ヤツらが来る… 世話になった",
        "zh": "啊，该死。它们来了。很高兴认识你们。",
        "emo": "q"
    },
    "defendchatter17.wav": {
        "jp": "うわ、すごい数のゾンビだ。奴らがあんたを殺しても心配するな! そこまでコーラは欲しくない",
        "zh": "该死，僵尸太多了。如果它们杀了你们，别担心！那我也不需要可乐了！",
        "emo": "h"
    },
    "defendchatter18.wav": {
        "jp": "下がれ、てめえら! 通らせてやれ",
        "zh": "滚开，你们这些狗杂种！让他们过去！",
        "emo": "h"
    },
    "defendchatter19.wav": {
        "jp": "ああ、ちくしょう この約束の事、すでに後悔している、銃がもったいない",
        "zh": "噢，可恶。我已经开始后悔这个约定了。真浪费了我的枪。",
        "emo": "q"
    },
    "missioncompleted01.wav": {
        "jp": "コーラをすき間に入れろ",
        "zh": "把可乐放进这里来。",
        "emo": "h"
    },
    "missioncompleted02.wav": {
        "jp": "コーラをすき間に入れろ",
        "zh": "把可乐放到里面来。",
        "emo": "h"
    },
    "missioncompleted03.wav": {
        "jp": "コーラを持って来てくれたか。そのすき間に入れろ",
        "zh": "你拿到可乐了。把它放进这里来。",
        "emo": "h"
    },
    "missioncompleted04.wav": {
        "jp": "それは私のコーラだ、早く、そのすき間に入れろ",
        "zh": "我的可乐来了。快，把它放进这里面。",
        "emo": "h"
    },
    "missioncompleted05.wav": {
        "jp": "早くそのすき間に入れるんだ",
        "zh": "太好了，把它放进这该死的格槽里。",
        "emo": "h"
    },
    "missioncompleted06.wav": {
        "jp": "わざわざどうもありがとう。そして私が口にした事は守る男だという事を証明する為に…",
        "zh": "谢谢你们的好意。接下来，为了证明我是个守信用的人...",
        "emo": "h"
    },
    "missioncompleted07.wav": {
        "jp": "ありがとう！それじゃ後ろを向いて、タンカーが爆発するのを見た事があるか?",
        "zh": "谢谢你们！现在，请转身。你们有见过油罐车爆炸吗？",
        "emo": "h"
    },
    "missioncompleted08.wav": {
        "jp": "たったの６本? そんなの一日で飲み終わるぞ! まあいいか、約束は約束だ、ほらどうぞ",
        "zh": "只是六罐装而已？我一天就能喝完了！唉，可恶。但是协议就是协议，现在...",
        "emo": "h"
    },
    "missioncompleted09.wav": {
        "jp": "これがダイエットじゃないと言うあなたの言葉を信じて、耳を塞げ。うるさくなるかもしれないぞ",
        "zh": "我相信你说的这不是健怡可乐。把你的耳朵捂住，这可能会很大声...",
        "emo": "h"
    },
    "missioncompleted10.wav": {
        "jp": "ありがとう、心の広い見知らぬ人よ! 君の為にバリケードを取り払ってあげよう",
        "zh": "谢谢你们！让我来帮你除掉眼前的障碍物。",
        "emo": "h"
    },
    "missioncompleted11.wav": {
        "jp": "君に借りができたよ、もう勝手にしろ、もう手助けはしないぞ、ハハハ、ただ単にその表情が見たかっただけだ、ほらどうぞ",
        "zh": "感激不尽。现在你们自求多福吧，我不再帮你们了。哈哈，我刚才只是想看看你们脸上的表情而已。现在你们准备了。",
        "emo": "h"
    },
    "missioncompleted12.wav": {
        "jp": "君に借りができたよ、もう勝手にしろ、もう手助けはしないぞ、ハハハ、ただ単にその表情が見たかっただけだ、ほらどうぞ",
        "zh": "感激不尽。现在你们自求多福吧，我不再帮你们了。哈哈，我刚才只是想看看你们脸上的表情而已。现在你们准备了。",
        "emo": "h"
    },
    "missioncompleted13.wav": {
        "jp": "おい、そのすき間にコーラを入れてくれ",
        "zh": "嘿，把可乐放进格槽里。",
        "emo": "h"
    },
    "missioncompleted14.wav": {
        "jp": "そのすき間にコーラを入れてくれないか?",
        "zh": "把可乐放进这里来，懂不？",
        "emo": "h"
    },
    "missioncompleted15.wav": {
        "jp": "オーケー、それは私のコーラだ。はいはい、すき間に入れろ!",
        "zh": "好的，那是我的可乐。是的，是的。把它放进格槽里！",
        "emo": "h"
    },
    "missioncompleted16.wav": {
        "jp": "がんばりな!",
        "zh": "祝你们好运！",
        "emo": "h"
    },
    "missioncompleted17.wav": {
        "jp": "がんばりな!",
        "zh": "祝你们好运！",
        "emo": "h"
    },
    "missioncompleted18.wav": {
        "jp": "幸運を祈るよ、銃を大切にな",
        "zh": "祝你们好运！好好照顾那些枪！",
        "emo": "h"
    },
    "missioncompleted19.wav": {
        "jp": "がんばれよ",
        "zh": "祝你们好运。",
        "emo": "h"
    },
    "missioncompleted20.wav": {
        "jp": "皆がんばれよ",
        "zh": "祝你们好运，各位。",
        "emo": "h"
    },
    "missioncompleted21.wav": {
        "jp": "神が君を見守っている",
        "zh": "愿上帝庇护你。",
        "emo": "h"
    },
    "missioncompleted22.wav": {
        "jp": "がんばってモールまで行け",
        "zh": "祝你们顺利到达购物中心。",
        "emo": "h"
    },
    "missioncompleted23.wav": {
        "jp": "がんばってモールまで行け",
        "zh": "祝你们顺利到达购物中心。",
        "emo": "h"
    },
    "nags01.wav": {
        "jp": "これだけの準備が必要だったなんて知らなかった。それについて一晩考えるなら枕とブランケットを持って来てあげようか?",
        "zh": "我可没想到你们需要那么多东西。我需要为你们准备好睡觉用的枕头和被子吗？",
        "emo": "h"
    },
    "nags02.wav": {
        "jp": "私の気が変わる前に急いだ方がいいよ",
        "zh": "你们几个最好在我改变主意前离开。",
        "emo": "d"
    },
    "nags03.wav": {
        "jp": "さっさとしないと私の寛大な申し出を撤回するぞ。あの上は君達が死ぬのを見るには最高の場所だ",
        "zh": "你们再不离开的话，我也许会改变我之前慷慨的态度。我会在这里看着你们通通死翘翘的。",
        "emo": "d"
    },
    "nags04.wav": {
        "jp": "この申し出には期限があるってことを言っておくべきだったかね",
        "zh": "也许我该告诉你们这个优待是有时间限制的。",
        "emo": "d"
    },
    "nags05.wav": {
        "jp": "君達、さっさとしろよ",
        "zh": "你们要离开了吗？",
        "emo": "h"
    },
    "nags06.wav": {
        "jp": "のどがからからになってきた",
        "zh": "我在这里可能会随时感到口渴...",
        "emo": "q"
    },
    "nags07.wav": {
        "jp": "そろそろ…",
        "zh": "随时...",
        "emo": "q"
    },
    "nags08.wav": {
        "jp": "のどが…からからで…頭がちゃんとまわらない…このなまけもの達に出した申し出…却下しないと…",
        "zh": "喉咙...很渴...不能思考了...必须...取消...给那些懒家伙的优待....",
        "emo": "q"
    },
    "wayblocked01.wav": {
        "jp": "私の名前はウィテカー、私はこの銃ショップのオーナーだ",
        "zh": "我的名字是 Whitaker。这里是我的枪械商店。",
        "emo": "h"
    },
    "wayblocked02.wav": {
        "jp": "君達４人は避難する為にモールに向かってるんだろう? 道がブロックされているという事も知っている。でも隣の店まで行ってコーラを取って来てくれるなら道を開けてやろう",
        "zh": "我猜你们四个要到购物中心去找救援。我也知道道路倍堵死了。但是我可以帮你们开路，条件是你们要去隔壁的商店里给我弄些可乐来。",
        "emo": "h"
    },
    "wayblocked03.wav": {
        "jp": "コーラが飲みたいんだ、４人で行って私のために何か持ってきてくれたらモールに行く途中の障害物を取り払ってやる、君達がそこに行くつもりなら、私の手助け無しにたどり着けないよ",
        "zh": "我需要一些可乐。如果你们四个能帮我弄来一些，那我就会帮你们清理掉路障。因为如果沒有我的帮助，你们也无法到达购物中心。",
        "emo": "h"
    },
    "wayblockedlongera01.wav": {
        "jp": "君達４人は避難する為にモールに向かってるんだろう?",
        "zh": "我猜你们四个要去购物中心寻找救援。",
        "emo": "h"
    },
    "wayblockedlongera02.wav": {
        "jp": "道がブロックされてるから君達はそこには行けないと思うよ",
        "zh": "我也猜你们无法到达那里，就因为路被封住了。",
        "emo": "h"
    },
    "wayblockedlongera03.wav": {
        "jp": "CEDAが道をブロックしているのを見たから知ってるのさ",
        "zh": "我知道是因为我看到 CEDA 把路给封住了。",
        "emo": "h"
    },
    "wayblockedlongera04.wav": {
        "jp": "じゃ、これでどうだ",
        "zh": "那么这就是我的建议。",
        "emo": "h"
    },
    "wayblockedlongerb01.wav": {
        "jp": "君達４人はモールの中にある避難センターへ向かってるんだろ?",
        "zh": "我猜你们四个是要去到购物中心的疏散点。",
        "emo": "h"
    },
    "wayblockedlongerb02.wav": {
        "jp": "私は政府のアホ共がどうやって道をブロックしたか見てたんだ。そこにたどり着くには大変な苦労が必要になると思うよ",
        "zh": "我猜你们得花掉很多时间去前往那里，因为我看到那些政府部门的傻瓜把去那的路给封死了。",
        "emo": "h"
    },
    "wayblockedlongerb03.wav": {
        "jp": "じゃ、これでどうだ",
        "zh": "那么这就是我的建议。",
        "emo": "h"
    },
    "wayblockedlongerc01.wav": {
        "jp": "私はこの屋根の上にバリケードを立てて立てこもっている。この町にいるゾンビの５倍の数を殺すのに充分な銃と、殺しながら食べれるように充分な食糧の蓄えもある",
        "zh": "我把自己锁在阁楼里了，有充足的粮食和枪械，足够把这城市里所有的僵尸杀个五遍。我在这里吃住得都很好。",
        "emo": "h"
    },
    "wayblockedlongerc02.wav": {
        "jp": "でも急いでいたせいでコーラを入れるのを忘れてしまった。",
        "zh": "但是因为太匆忙，我忘记带上可乐了。",
        "emo": "h"
    },
    "wayblockedlongerd01.wav": {
        "jp": "コーラとナッツは私の弱点、と言っても、手に入らなかったら死んでしまう程そいつらを愛してる訳でもない",
        "zh": "可乐和花生是我的最爱。而且会为了吃到它们而不惜牺牲一切。",
        "emo": "h"
    },
    "wayblockedlongere01.wav": {
        "jp": "屋根の上にバリケードを立てて十分な食糧と共に立てこもっている",
        "zh": "我把自己关在阁楼里，有充足的粮食。",
        "emo": "h"
    },
    "wayblockedlongere02.wav": {
        "jp": "でも急いでてコーラのことを忘れていた",
        "zh": "但是因为太匆忙，我忘了带可乐。",
        "emo": "h"
    },
    "wayblockedlongerf01.wav": {
        "jp": "あそこの店からコーラを取って来てくれたらモールへの道を開けてやろう",
        "zh": "而这是我的建议：你们从那商店里给我找些可乐，我就帮你们开一条前往购物中心的路。",
        "emo": "h"
    },
    "wayblockedlongerg01.wav": {
        "jp": "あそこの店からコーラを取って来てくれたらCEDAの封鎖を取り払ってやるよ",
        "zh": "而我的建议如下：如果你们能到便利店去找可乐给我，我就会帮你们清除掉 CEDA 放置的路障。",
        "emo": "h"
    },
    "wayblockedlongerh01.wav": {
        "jp": "私にコーラを持って来てくれたらモールまで連れて行ってやる",
        "zh": "如果你们能帮我找到可乐，我就帮你们前往购物中心。",
        "emo": "h"
    },
    "wayblockedlongeri01.wav": {
        "jp": "こんなに喉が渇いてなかったら君達がモールにたどり着ける手助けができるのに",
        "zh": "我会帮你们到达购物中心的，只要我没有那么口渴。",
        "emo": "h"
    },
    "wayblockedlongerj01.wav": {
        "jp": "ナッツはある、あと必要なのはコーラだけだ",
        "zh": "现在，我已经有花生了。我只需要可乐。",
        "emo": "h"
    },
    "wayblockedlongerj02.wav": {
        "jp": "お前さん達４人、私の為にコーラを取ってくる勇気があるかい?",
        "zh": "那么现在问题就是：你们四个有沒有胆量去拿可乐给我？",
        "emo": "h"
    },
    "wayblockedlongerk01.wav": {
        "jp": "はっきり言わせてもらう",
        "zh": "我就直说了吧。",
        "emo": "h"
    },
    "wayblockedlongerk02.wav": {
        "jp": "コーラが欲しい。コーラが手に入るまでこのバリケードは通らせない",
        "zh": "我需要可乐，而在我拿到之前，我是不会帮你们清除这些路障的。",
        "emo": "d"
    },
    "wayblockedlongerk03.wav": {
        "jp": "今だ、行け",
        "zh": "现在就去。",
        "emo": "w"
    }
}